isin,company_name,org_perm_id,tax_id,hq_country,orgnr,method
SE0000100026,Active Biotech AB publ,4295889837.0,SE556223922701,SE,5562239227.0,lseg_taxid
SE0000100042,,,,,556223-9227,manual
SE0000100182,Linde Sverige AB,4295890036.0,,SE,556022-1919,manual
SE0000100208,Linde Sverige AB,4295890036.0,,SE,556022-1919,manual
SE0000100364,Allgon AB,4295889894.0,,SE,556387-9955,manual
SE0000100505,Talisman Energy Sweden AB,4295890281.0,,SE,556610-8055,manual
SE0000100844,Kappahl Molndal 2 AB,4295889802.0,,SE,556042-0020,manual
SE0000100919,Hitachi Energy Sweden AB,4295890052.0,SE556029702901,SE,5560297029.0,lseg_taxid
SE0000100927,Hitachi Energy Sweden AB,4295890052.0,SE556029702901,SE,5560297029.0,lseg_taxid
SE0000101008,Astrazeneca AB,4295889975.0,SE556011748201,SE,5560117482.0,lseg_taxid
SE0000101016,Astrazeneca AB,4295889975.0,SE556011748201,SE,5560117482.0,lseg_taxid
SE0000101032,,,,,556014-2720,manual
SE0000101057,Avesta Sheffield AB,5000828099.0,,SE,,none
SE0000101297,,,,,556016-5279,manual
SE0000101362,Bergman & Beving AB,4295890277.0,SE556034859001,SE,5560348590.0,lseg_taxid
SE0000101552,Schenker North & East AB,4295890309.0,SE556016431001,SE,5560164310.0,lseg_taxid
SE0000101578,Schenker North & East AB,4295890309.0,SE556016431001,SE,5560164310.0,lseg_taxid
SE0000101669,ElektronikGruppen BK AB,4295889876.0,SE556072254701,SE,5560722547.0,lseg_taxid
SE0000101891,Boras Wafveri AB,4295889771.0,,SE,556000-0512,manual
SE0000101925,Bpa AB (Publ),4295890293.0,,SE,556000-1554,manual
SE0000101941,Bpa AB (Publ),4295890293.0,,SE,556000-1554,manual
SE0000102006,BRIO Leksaker AB,4295889931.0,,SE,556033-5273,manual
SE0000102295,Bilia AB,4295889806.0,SE556112569001,SE,5561125690.0,lseg_taxid
SE0000102378,,,,,556010-4988,manual
SE0000102642,Fazer Services AB,4295890042.0,,SE,556308-8144,manual
SE0000102790,Kalmar Finland Oy,4296012977.0,09868201,FI,556206-2116,manual
SE0000102824,Concordia Maritime AB,4295889826.0,SE556068581901,SE,5560685819.0,lseg_taxid
SE0000103038,,,,,556013-0683,manual
SE0000103046,AB Custos,4295890276.0,,SE,556013-0683,manual
SE0000103152,Tidnings Marieberg AB,4295889778.0,SE556002879601,SE,5560028796.0,lseg_taxid
SE0000103699,,,,,5560397811,manual
SE0000103780,Eldon AB,4295889789.0,,ES,556006-4021,manual
SE0000103806,,,,,556009-4178,manual
SE0000103814,,,,,556009-4178,manual
SE0000104051,Esselte AB,4295890002.0,SE556011455401,SE,5560114554.0,lseg_taxid
SE0000104077,Esselte AB,4295890002.0,SE556011455401,SE,5560114554.0,lseg_taxid
SE0000104150,HeidelbergCement Sweden AB,5000012120.0,SE556000605701,SE,5560006057.0,lseg_taxid
SE0000104176,HeidelbergCement Sweden AB,5000012120.0,SE556000605701,SE,5560006057.0,lseg_taxid
SE0000104416,Kinnevik Industriforvaltnings AB,4295890211.0,,,556018-5675,manual
SE0000104564,Realia AB (Fusion),4295890077.0,,SE,556285-1408,manual
SE0000104580,Humlegarden Fastigheter AB,5000441273.0,SE556682120201,SE,5566821202.0,lseg_taxid
SE0000104606,Humlegarden Fastigheter AB,5000441273.0,SE556682120201,SE,5566821202.0,lseg_taxid
SE0000104788,Fenix Outdoor AB,4295889900.0,SE556110631001,SE,5561106310.0,lseg_taxid
SE0000104846,Folkebolagen AB,4295889884.0,,SE,556012-3810,manual
SE0000105082,Fabege Storstockholm AB,4295890135.0,SE556130903901,SE,5561309039.0,lseg_taxid
SE0000105116,Acando AB,4295890023.0,SE556272509201,SE,5562725092.0,lseg_taxid
SE0000105199,Haldex AB,4295889821.0,SE556010115501,SE,5560101155.0,lseg_taxid
SE0000105264,Geveko AB,4295889858.0,SE556024684401,SE,5560246844.0,lseg_taxid
SE0000105371,Rederi Gotland AB,4295889781.0,SE556000802001,SE,5560008020.0,lseg_taxid
SE0000105397,Rederi Gotland AB,4295889781.0,SE556000802001,SE,5560008020.0,lseg_taxid
SE0000105496,Graningeverkens AB,4296758057.0,,SE,556000-8251,manual
SE0000106205,Peab AB,4295889909.0,SE556061433001,SE,5560614330.0,lseg_taxid
SE0000106270,H & M Hennes & Mauritz AB,4295890262.0,SE556042722001,SE,5560427220.0,lseg_taxid
SE0000106304,Investment AB Latour,4295889805.0,SE556026323701,SE,5560263237.0,lseg_taxid
SE0000106320,,,,,556026-3237,manual
SE0000106759,Iptor Supply Chain Systems AB,4295889938.0,SE556198728901,SE,5561987289.0,lseg_taxid
SE0000107203,Industrivarden AB,4295890329.0,SE556043420001,SE,5560434200.0,lseg_taxid
SE0000107401,,,,,556056-2091,manual
SE0000107419,,,,,5560138298,manual
SE0000107476,Jacobson & Widmark AB,4295889777.0,,SE,556041-1105,manual
SE0000107724,KABE Group AB,4298446452.0,SE556097223301,SE,5560972233.0,lseg_taxid
SE0000107906,Klovern Forvaltnings AB,5000828426.0,,SE,556733-4379,manual
SE0000108169,Metso Outotec Sweden AB,4295889855.0,SE556216565301,SE,5562165653.0,lseg_taxid
SE0000108201,SKF AB,4295890078.0,SE556007349501,SE,5560073495.0,lseg_taxid
SE0000108227,SKF AB,4295890078.0,SE556007349501,SE,5560073495.0,lseg_taxid
SE0000108300,DistIT AB,4295890169.0,SE556116438401,SE,5561164384.0,lseg_taxid
SE0000108581,Lindab AB,4295889958.0,SE556068202201,SE,5560682022.0,lseg_taxid
SE0000108649,Telefonaktiebolaget LM Ericsson,4295890008.0,SE556016068001,SE,5560160680.0,lseg_taxid
SE0000108656,Telefonaktiebolaget LM Ericsson,4295890008.0,SE556016068001,SE,5560160680.0,lseg_taxid
SE0000108847,L E Lundbergforetagen AB (publ),4295890312.0,SE556056881701,SE,5560568817.0,lseg_taxid
SE0000108904,Emil Lundgren AB,4295889879.0,,SE,556004-9618,manual
SE0000109084,Martinsson Gruppen Ab,4295889901.0,,SE,556316-8269,manual
SE0000109142,,,,,556045-2103,manual
SE0000109290,,,,,556003-6222,manual
SE0000109514,Maldata AB,4295889913.0,,SE,556078-9051,manual
SE0000109811,,,,,556080-4592,manual
SE0000109985,Kappahl Molndal 2 AB,4295889802.0,,SE,556013-2250,manual
SE0000110116,,,,,556184-6691,manual
SE0000110165,,,,,,none
SE0000110322,Hoist Finance AB (publ),4295889832.0,SE556012848901,SE,5560128489.0,lseg_taxid
SE0000110710,Perstorp AB,4295890331.0,SE556024651301,SE,5560246513.0,lseg_taxid
SE0000110736,Perstorp AB,4295890331.0,SE556024651301,SE,5560246513.0,lseg_taxid
SE0000110819,Spectra-Physics AB,4295889829.0,SE556015888201,SE,5560158882.0,lseg_taxid
SE0000110835,Evidentia Fastigheter AB (Publ),4295889817.0,,SE,556037-9248,manual
SE0000110959,Platzer Fastigheter AB,5000303696.0,SE556102569201,SE,5561025692.0,lseg_taxid
SE0000111155,Stockwik Forvaltning AB,4295889941.0,SE556294784501,SE,5562947845.0,lseg_taxid
SE0000111189,,,,,556363-9107,manual
SE0000111940,Ratos AB,4295889824.0,SE556008358501,SE,5560083585.0,lseg_taxid
SE0000112252,Rottneros AB,4295890266.0,SE556013587201,SE,5560135872.0,lseg_taxid
SE0000112385,,,,,556036-0793,manual
SE0000112567,Sandblom & Stohne Ab Publ,4295889839.0,,SE,556043-0115,manual
SE0000112609,,,,,556000-3468,manual
SE0000112625,Sandvik AB,4295890065.0,,SE,556000-3468,manual
SE0000112682,,,,,556067-5807,manual
SE0000112724,Svenska Cellulosa Aktiebolaget SCA,4295890025.0,SE556012629301,SE,5560126293.0,lseg_taxid
SE0000112906,,,,,556040-8113,manual
SE0000113094,Forsakringsaktiebolaget Skandia (publ),4295890362.0,,SE,502017-3083,manual
SE0000113201,,,,,556012-1328,manual
SE0000113250,Skanska AB,4295889991.0,SE556000461501,SE,5560004615.0,lseg_taxid
SE0000113516,Spendrups Bryggeriaktiebolag,4295889874.0,,SE,556015-9973,manual
SE0000113730,Stora Kopparbergs Bergslags AB,4295890030.0,,SE,556012-7994,manual
SE0000113797,PostNord Stralfors Group AB,4295889908.0,,SE,556025-3941,manual
SE0000114431,EON Sverige AB,4295890320.0,SE556006842001,SE,5560068420.0,lseg_taxid
SE0000114456,EON Sverige AB,4295890320.0,SE556006842001,SE,5560068420.0,lseg_taxid
SE0000114662,Tivox AB,4295889929.0,,SE,556048-9253,manual
SE0000114837,Trelleborg AB,4295890333.0,SE556006342101,SE,5560063421.0,lseg_taxid
SE0000115008,,,,,556072-1523,manual
SE0000115107,VBG Group AB (publ),4295889904.0,SE556069075101,SE,5560690751.0,lseg_taxid
SE0000115354,,,,,556367-0230,manual
SE0000115404,CGI IT konsulter AB,4295889792.0,,SE,556330-2602,manual
SE0000115420,Volvo AB,4295890024.0,SE556012579001,SE,5560125790.0,lseg_taxid
SE0000115446,Volvo AB,4295890024.0,SE556012579001,SE,5560125790.0,lseg_taxid
SE0000115503,Zeteco AB,4298446429.0,,SE,556199-8144,manual
SE0000115578,,,,,556120-6474,manual
SE0000115610,,,,,556063-9147,manual
SE0000116329,Acrimo AB,4295890192.0,,SE,556073-9299,manual
SE0000116634,Icb Shipping AB,4295889886.0,,SE,556071-1270,manual
SE0000116642,Icb Shipping AB,4295889886.0,,SE,556071-1270,manual
SE0000116949,Rosenborgs Securities AB,5043320125.0,SE556207800501,SE,5562078005.0,lseg_taxid
SE0000117822,Kappahl Molndal 2 AB,4295889802.0,,SE,556042-0020,manual
SE0000117970,NCC AB,4295890291.0,SE556034517401,SE,5560345174.0,lseg_taxid
SE0000118838,Seco Tools AB,4295889842.0,SE556071106001,SE,5560711060.0,lseg_taxid
SE0000118945,Stora Kopparbergs Bergslags AB,4295890030.0,,SE,556012-7994,manual
SE0000118952,NCC AB,4295890291.0,SE556034517401,SE,5560345174.0,lseg_taxid
SE0000119224,,,,,556292-1089,manual
SE0000119299,Elanders AB,4295889889.0,SE556008162101,SE,5560081621.0,lseg_taxid
SE0000120222,Kinnevik Industriforvaltnings AB,4295890211.0,,,556018-5675,manual
SE0000120669,SSAB AB,4295889873.0,SE556016342901,SE,5560163429.0,lseg_taxid
SE0000120727,Kjessler & Mannerstrale AB (Publ),4295889971.0,,SE,556053-1080,manual
SE0000120776,Elos Medtech AB,4295889902.0,SE556021965001,SE,5560219650.0,lseg_taxid
SE0000120784,Skandinaviska Enskilda Banken AB,8589934200.0,SE502032908101,SE,5020329081.0,lseg_taxid
SE0000120818,Trygg-Hansa FAB (publ),4295890428.0,,SE,502007-7862,manual
SE0000120859,Scandiaconsult AB,4295889834.0,,SE,556063-1523,manual
SE0000121816,,,,,556030-1319,manual
SE0000122467,,,,,556014-2720,manual
SE0000122657,HAKI Safety AB,4295889851.0,SE556323253601,SE,5563232536.0,lseg_taxid
SE0000122673,HAKI Safety AB,4295889851.0,SE556323253601,SE,5563232536.0,lseg_taxid
SE0000123085,Ortivus AB,4295890043.0,SE556259120501,SE,5562591205.0,lseg_taxid
SE0000123267,Bulten Fasteners AB,4295889862.0,SE556010886101,SE,5560108861.0,lseg_taxid
SE0000123572,,,,,556209-7146,manual
SE0000123671,Rejlers AB (publ),4298015256.0,SE556349842601,SE,5563498426.0,lseg_taxid
SE0000135287,,,,,556043-0933,manual
SE0000135303,Fastighetsaktiebolaget Celtica,4295889800.0,SE556350972701,SE,5563509727.0,lseg_taxid
SE0000135485,RaySearch Laboratories AB (publ),4295889885.0,SE556322615701,SE,5563226157.0,lseg_taxid
SE0000135501,Solitair Kapital AB,4295889861.0,,SE,556176-8787,manual
SE0000141160,Asg AB,4295890319.0,,SE,556001-3301,manual
SE0000143430,Forcenergy AB,4295889907.0,SE556217817701,SE,5562178177.0,lseg_taxid
SE0000143521,,,,,556047-9742,manual
SE0000147480,Alcatel Lucent SA,4295867927.0,FR31542019096,FR,,none
SE0000147555,Compagnie de Saint Gobain SA,4295867362.0,FR35542039532,FR,,none
SE0000148884,Skandinaviska Enskilda Banken AB,8589934200.0,SE502032908101,SE,5020329081.0,lseg_taxid
SE0000152084,,,,,502007-7862,manual
SE0000162786,Nefab AB,4298447262.0,SE556226814301,SE,5562268143.0,lseg_taxid
SE0000163594,Securitas AB,4295890335.0,SE556302724101,SE,5563027241.0,lseg_taxid
SE0000163628,Elekta AB (publ),5000030355.0,SE556170401501,SE,5561704015.0,lseg_taxid
SE0000164477,,,,,556013-0683,manual
SE0000164485,Gambro AB,4295889755.0,,SE,5560280942.0,name_matching
SE0000164600,,,,,556177-4177,manual
SE0000164626,Investment Kinnevik (A) Aktie,,,,556177-4177,manual
SE0000166506,SinterCast AB,4295890000.0,SE556233649401,SE,5562336494.0,lseg_taxid
SE0000166514,SinterCast AB,4295890000.0,SE556233649401,SE,5562336494.0,lseg_taxid
SE0000166555,Trustor AB,4295889854.0,,SE,556034-7024,manual
SE0000168304,Luxonen SA,4295883035.0,,LU,,none
SE0000169070,Bayer AG,4295869217.0,123659859,DE,,none
SE0000169112,Marine Transport Corp,4295907066.0,,US,,none
SE0000169195,Evidentia Fastigheter AB (Publ),4295889817.0,,SE,556037-9248,manual
SE0000169658,International Petroleum Corp,5055417546.0,,CA,,none
SE0000170110,,,,,556191-8810,manual
SE0000170375,Hufvudstaden AB,4295890167.0,SE556012824001,SE,5560128240.0,lseg_taxid
SE0000170383,Hufvudstaden AB,4295890167.0,SE556012824001,SE,5560128240.0,lseg_taxid
SE0000170896,Linjebuss AB,4295890264.0,,SE,556134-3260,manual
SE0000171100,SSAB AB,4295889873.0,SE556016342901,SE,5560163429.0,lseg_taxid
SE0000171506,,,,,556003-6222,manual
SE0000171886,Svenska Cellulosa Aktiebolaget SCA,4295890025.0,SE556012629301,SE,5560126293.0,lseg_taxid
SE0000188500,Catella AB,4295890260.0,SE556079141901,SE,5560791419.0,lseg_taxid
SE0000188518,Catella AB,4295890260.0,SE556079141901,SE,5560791419.0,lseg_taxid
SE0000188930,Ortivus AB,4295890043.0,SE556259120501,SE,5562591205.0,lseg_taxid
SE0000189128,Narkes Elektriska AB,4295890059.0,,,556011-6830,manual
SE0000189417,Svenska Handelsbanken AB,8589934190.0,,SE,502007-7862,manual
SE0000189425,Svenska Handelsbanken AB,8589934190.0,,SE,502007-7862,manual
SE0000189433,Svenska Handelsbanken AB,8589934190.0,,SE,502007-7862,manual
SE0000189946,Industrial and Financial Systems IFS AB,4295890101.0,SE556122099601,SE,5561220996.0,lseg_taxid
SE0000189953,Industrial and Financial Systems IFS AB,4295890101.0,SE556122099601,SE,5561220996.0,lseg_taxid
SE0000190126,Industrivarden AB,4295890329.0,SE556043420001,SE,5560434200.0,lseg_taxid
SE0000190134,,,,,556229-7480,manual
SE0000191090,Ratos AB,4295889824.0,SE556008358501,SE,5560083585.0,lseg_taxid
SE0000191298,Realia AB (Old),4295889932.0,,SE,556034-0689,manual
SE0000191561,Enea AB,4295889892.0,SE556209714601,SE,5562097146.0,lseg_taxid
SE0000191827,,,,,556175-7047,manual
SE0000192403,,,,,556539-5689,manual
SE0000192874,Meroc Asset Management AB,5000001700.0,,SE,516401-9838,manual
SE0000192882,Meroc Asset Management AB,5000001700.0,,SE,516401-9838,manual
SE0000193120,,,,,502007-7862,manual
SE0000193286,Realia AB (Old),4295889932.0,,SE,556034-0689,manual
SE0000195570,Gunnebo AB,4295889964.0,SE556438262901,SE,5564382629.0,lseg_taxid
SE0000195802,Atle AB (Publ),4295889970.0,,SE,556454-8799,manual
SE0000195810,Bure Equity AB,4295889984.0,SE556454878101,SE,5564548781.0,lseg_taxid
SE0000202624,Getinge AB,4295889996.0,SE556408503201,SE,5564085032.0,lseg_taxid
SE0000204794,Celsius Ab*,4295890341.0,,SE,556083-7634,manual
SE0000204828,Rodamco Sverige AB,4295889848.0,SE556201865401,SE,5562018654.0,lseg_taxid
SE0000205932,,,,,556469-2019,manual
SE0000205940,,,,,556469-2019,manual
SE0000211682,JP Nordiska AB,4295889828.0,,SE,556306-0695,manual
SE0000214058,HL Display AB,4295890102.0,SE556286995701,SE,5562869957.0,lseg_taxid
SE0000215493,Doro AB,4295890051.0,SE556161942901,SE,5561619429.0,lseg_taxid
SE0000220824,Ahlstrom Sweden AB,4298141875.0,SE556669973101,SE,5566699731.0,lseg_taxid
SE0000221723,Meda AB,4295890088.0,SE556427281201,SE,5564272812.0,lseg_taxid
SE0000224446,,,,,556230-7867,manual
SE0000224578,IDEMIA Sweden Company AB,4295890068.0,SE556408385401,SE,5564083854.0,lseg_taxid
SE0000226367,Nobel Biocare AB,4296180123.0,SE556002023101,SE,5560020231.0,lseg_taxid
SE0000226607,Fastighets Gesimsen Gron AB,4298446345.0,,SE,556501-1771,manual
SE0000227258,Akzo Nobel NV,4295884730.0,001824521B01,NL,,none
SE0000230963,,,,,556016-9020,manual
SE0000232175,Hoganas AB,4295890345.0,SE556005012101,SE,5560050121.0,lseg_taxid
SE0000232282,Matteus Fondkommission AB,4295890090.0,,SE,556531-8515,manual
SE0000233082,,,,,556242-7152,manual
SE0000233801,Verimation AB,4295890136.0,,SE,556202-6401,manual
SE0000233934,Pricer AB,4295890058.0,SE556427799301,SE,5564277993.0,lseg_taxid
SE0000235574,Monark Stiga,4295890104.0,,SE,556035-3176,manual
SE0000236382,Concejo AB (publ),4295889999.0,SE556480332701,SE,5564803327.0,lseg_taxid
SE0000236515,,,,,556057-3981,manual
SE0000237315,,,,,556541-2094,manual
SE0000239733,Nordifagruppen AB,5000278945.0,,SE,556307-5692,manual
SE0000239741,Nordifagruppen AB,5000278945.0,,SE,556307-5692,manual
SE0000240558,Kronfagel Holding AB,4295890018.0,SE556529637201,SE,5565296372.0,lseg_taxid
SE0000240772,Provobis Hotel & Restauranger AB,4295890121.0,,SE,556086-3558,manual
SE0000241614,,,,,556299-6912,manual
SE0000242125,Baxter Medical AB,4295890017.0,SE556171065701,SE,5561710657.0,lseg_taxid
SE0000242455,Swedbank AB,8589934289.0,,SE,5020177753,manual
SE0000242711,,,,,556309-3359,manual
SE0000251902,Ledstiernan AB,4295890171.0,SE556122215801,SE,5561222158.0,lseg_taxid
SE0000254567,Klippan AB,4295890087.0,,SE,556089-3813,manual
SE0000254880,B Tankers AB,4295890072.0,,SE,556011-9685,manual
SE0000255648,,,,,556059-3575,manual
SE0000257792,Fagerlid Industrier Ab,4295890069.0,,SE,556231-2324,manual
SE0000259418,Intelligent Microsystems Data AB,4295890099.0,,SE,556232-2597,manual
SE0000262446,Acando Europe AB,4295890146.0,SE556220851101,SE,5562208511.0,lseg_taxid
SE0000262982,Cardo AB,4295889948.0,,,556026-8517,manual
SE0000264574,AB Segerstrom & Svensson,4295890045.0,,SE,556066-4085,manual
SE0000265217,PA Resources AB,4295890269.0,,SE,556488-2180,manual
SE0000266991,Granges AB,4295890016.0,SE556001612201,SE,5560016122.0,lseg_taxid
SE0000267056,,,,,556452-6514,manual
SE0000267494,Caran AB,4295890083.0,,SE,556416-0993,manual
SE0000273294,,,,,556238-4361,manual
SE0000275802,Vandewiele Sweden AB,4295890005.0,SE556512941701,SE,5565129417.0,lseg_taxid
SE0000275943,Mindray Medical Sweden AB,5036768384.0,SE556386994901,SE,5563869949.0,lseg_taxid
SE0000282071,Teligent Mobile Office AB,4295890180.0,,SE,556408-4124,manual
SE0000289928,,,,,,none
SE0000290728,Plm AB,4295889986.0,,SE,556000-4046,manual
SE0000291171,Toyota Material Handling Europe AB,4295889966.0,SE556491953701,SE,5564919537.0,lseg_taxid
SE0000291486,Cision AB,4295890210.0,,,556035-5360,manual
SE0000293003,Prifast AB,4295889937.0,,SE,556322-1729,manual
SE0000293656,BioPhausia AB,4295890105.0,SE556485015301,SE,5564850153.0,lseg_taxid
SE0000304750,Bring Mail Nordic AB,5000567227.0,SE556528819701,SE,5565288197.0,lseg_taxid
SE0000308017,,,,,556556-9023,manual
SE0000308272,Scania AB,4295889967.0,,SE,556184-8564,manual
SE0000308280,Scania AB,4295889967.0,,SE,556184-8564,manual
SE0000310336,,,,,5560316181,manual
SE0000310690,,,,,556525-8646,manual
SE0000311359,Dahl International AB,4295889982.0,,SE,556462-3790,manual
SE0000311417,,,,,559008-2912,manual
SE0000311615,Mandator AB,4295890091.0,SE556216035701,SE,5562160357.0,lseg_taxid
SE0000312043,Havsfrun Investment AB,4295889969.0,,SE,556311-5939,manual
SE0000314155,Stena Fastigheter Vast AB,5000210277.0,SE556093627901,SE,5560936279.0,lseg_taxid
SE0000314304,,,,,556410-8917,manual
SE0000314312,,,,,556410-8917,manual
SE0000314502,,,,,502004-3619,manual
SE0000316150,Ferator Engineering AB,4295890067.0,,SE,556327-2702,manual
SE0000323305,Softronic AB,4295890207.0,SE556249019201,SE,5562490192.0,lseg_taxid
SE0000325532,Enator AB,4295889985.0,,SE,556084-2164,manual
SE0000325870,Diffchamb Sverige AB,4295889934.0,,SE,556031-7242,manual
SE0000327090,Biolin Scientific AB,4295890100.0,SE556249429301,SE,5562494293.0,lseg_taxid
SE0000329146,SAS Sverige AB,4295889784.0,SE556042541401,SE,5560425414.0,lseg_taxid
SE0000329203,SIFAB Fastighets AB,4295889835.0,SE556014525101,SE,5560145251.0,lseg_taxid
SE0000331225,,,,,556733-4379,manual
SE0000331266,Duroc AB,4295890250.0,SE556446428601,SE,5564464286.0,lseg_taxid
SE0000337917,,,,,556242-3797,manual
SE0000338220,Skandia Fastigheter AB,4295889987.0,SE556467164101,SE,5564671641.0,lseg_taxid
SE0000339137,Peak Performance,4296077883.0,,SE,556540-1493,manual
SE0000345902,Softronic 1 AB,4295890096.0,,SE,556186-2796,manual
SE0000347486,Karlshamns AB,4295890164.0,,SE,556025-6754,manual
SE0000349243,Infor Holdings (Sweden) AB,4295890106.0,SE556387814801,SE,5563878148.0,lseg_taxid
SE0000350340,Gylling Optima Batteries AB,4295890089.0,,SE,556492-4885,manual
SE0000350696,Castellum Norr 2 AB,5000088087.0,SE556458613801,SE,5564586138.0,lseg_taxid
SE0000351157,Scandic Hotels AB,4295890006.0,SE556299100901,SE,5562991009.0,lseg_taxid
SE0000352809,Scanmining AB,4295890227.0,,,556549-3667,manual
SE0000353351,Biacore International AB,4295890014.0,,SE,556534-5211,manual
SE0000353898,MQ International AB,4295890273.0,SE556458694801,SE,5564586948.0,lseg_taxid
SE0000355729,Entraction Holding AB,4295890467.0,SE556367291301,SE,5563672913.0,lseg_taxid
SE0000356008,Prevas AB,4295890119.0,SE556252138401,SE,5562521384.0,lseg_taxid
SE0000361909,Biora AB,4295890011.0,SE556289899801,SE,5562898998.0,lseg_taxid
SE0000362675,NovaCast Technologies AB,4295890442.0,,,556632-1856,manual
SE0000364283,Alfaskop AB,4295890074.0,,,556022-1794,manual
SE0000366098,Net Insight AB,4295890230.0,SE556533439701,SE,5565334397.0,lseg_taxid
SE0000366254,Harman Connected Services AB,4295890160.0,SE556250351501,SE,5562503515.0,lseg_taxid
SE0000367823,Vostok Gas Ltd,5000024973.0,,BM,,none
SE0000371296,Nordnet AB (Pre-Merger),4295890233.0,,SE,,none
SE0000373128,,,,,556400-7200,manual
SE0000374704,Pronyx AB,4295890228.0,,SE,556452-6225,manual
SE0000374993,Banijay Sweden AB,4295890151.0,SE556333466201,SE,5563334662.0,lseg_taxid
SE0000375115,,,,,556391-3166,manual
SE0000375545,ACM 2001 AB,4295890175.0,SE556057285001,SE,5560572850.0,lseg_taxid
SE0000378127,Braathens Travel Group AB,4295890130.0,,SE,556518-1191,manual
SE0000379075,SakI AB,4295890118.0,,,556462-7213,manual
SE0000379190,Castellum AB,4295890020.0,SE556475555001,SE,5564755550.0,lseg_taxid
SE0000379497,Semcon AB,4295890148.0,SE556539954901,SE,5565399549.0,lseg_taxid
SE0000379844,,,,,556110-6203,manual
SE0000381782,,,,,556222-3471,manual
SE0000381790,Cision AB,4295890210.0,,,556222-3471,manual
SE0000381840,Feelgood Svenska AB,4295890361.0,SE556511205801,SE,5565112058.0,lseg_taxid
SE0000382335,,,,,556114-5851,manual
SE0000383259,Handelsbanken Hypotek AB,4295890108.0,,SE,556000-7618,manual
SE0000383457,Scandinavian PC Systems AB,4295890120.0,,SE,556241-2810,manual
SE0000383473,Riddarhyttan Resources AB,4295890356.0,,,556175-6833,manual
SE0000383499,LGP Allgon Holding AB,4295890056.0,,,556267-5812,manual
SE0000383531,North Atlantic Natural Resources AB,4295890112.0,,SE,556550-4635,manual
SE0000386104,Decerno City AB,4295890143.0,,SE,556435-8361,manual
SE0000386138,Lammhults Design Group AB,4295889926.0,SE556541209401,SE,5565412094.0,lseg_taxid
SE0000387318,Rorvik Industri och Handel AB,4295890134.0,SE556541208601,SE,5565412086.0,lseg_taxid
SE0000387607,Check Point Holding AB,4295890142.0,,SE,556030-4412,manual
SE0000388910,Louis Gibeck AB,4295890123.0,,SE,556156-3006,manual
SE0000388969,Gorthon Lines AB,4295890026.0,,SE,556012-8504,manual
SE0000390296,,,,,556374-8309,manual
SE0000391716,Traction AB,4295890380.0,,SE,556029-8654,manual
SE0000393845,Vision Park Entertainment AB,4295890349.0,,SE,556477-7024,manual
SE0000393860,Profilgruppen AB,4295890029.0,SE556277894301,SE,5562778943.0,lseg_taxid
SE0000393936,,,,,556007-4055,manual
SE0000394165,Scanfil Sweden AB,4295890124.0,SE556251330801,SE,5562513308.0,lseg_taxid
SE0000394181,Pandox AB,4295890111.0,SE556030788501,SE,5560307885.0,lseg_taxid
SE0000394470,Mandator AB,4295890091.0,SE556216035701,SE,5562160357.0,lseg_taxid
SE0000394546,Prosolvia AB,4295890140.0,,SE,556471-8315,manual
SE0000394702,,,,,556239-4071,manual
SE0000394736,,,,,556113-8826,manual
SE0000395105,,,,,556313-5309,manual
SE0000395170,Medicover Holding AB,4295889911.0,,SE,,none
SE0000396061,Bong AB,4295889871.0,SE556034157901,SE,5560341579.0,lseg_taxid
SE0000396715,Vision Park Interactive Media AB,4295890209.0,,US,556487-3110,manual
SE0000396822,,,,,556540-1493,manual
SE0000401622,,,,,556495-4682,manual
SE0000402448,,,,,556479-2199,manual
SE0000402497,Decim AB,4295890306.0,,SE,556286-3907,manual
SE0000407991,Svedbergs Group AB,4295890129.0,SE556052498401,SE,5560524984.0,lseg_taxid
SE0000408189,,,,,556064-8304,manual
SE0000410698,Dial Nxt Group AB,4295890342.0,,SE,556531-6824,manual
SE0000412363,,,,,556309-9158,manual
SE0000412371,,,,,556309-9158,manual
SE0000412991,,,,,556494-3446,manual
SE0000413221,Artimplant AB,4295890084.0,,SE,556410-1008,manual
SE0000413783,Wilkenson Handskmakar N AB,4295890139.0,,SE,556050-3340,manual
SE0000416125,Svenska Orient Linien AB,4295890133.0,SE556605095001,SE,5566050950.0,lseg_taxid
SE0000416588,Liljeholmens Stearinfabriks Ab,4295890117.0,,SE,556006-2042,manual
SE0000416596,Liljeholmens Stearinfabriks Ab,4295890117.0,,SE,556006-2042,manual
SE0000416604,Munters AB,4295890110.0,SE556041060601,SE,5560410606.0,lseg_taxid
SE0000418402,Nilorngruppen AB,4295890173.0,SE556322378201,SE,5563223782.0,lseg_taxid
SE0000418923,CTT Systems AB,4295890197.0,SE556430774101,SE,5564307741.0,lseg_taxid
SE0000421273,Knowit AB (publ),4295890194.0,SE556391035401,SE,5563910354.0,lseg_taxid
SE0000422107,,,,,556154-2381,manual
SE0000426462,Q Med AB,4295890259.0,SE556258688201,SE,5562586882.0,lseg_taxid
SE0000426546,,,,,5560163493,manual
SE0000426652,,,,,556274-8623,manual
SE0000427254,Guide Konsult AB,4295890092.0,,SE,556356-8709,manual
SE0000427361,Nordea Bank Abp,5060588378.0,2858394,FI,516406-0120,manual
SE0000428179,,,,,556582-0519,manual
SE0000429706,CAG Arete AB,4295890217.0,SE556287677001,SE,5562876770.0,lseg_taxid
SE0000430894,PWT Pure Water Technology AB,4295941309.0,,SE,,none
SE0000431009,Fb Industri Holding AB,4295890064.0,,SE,556530-9705,manual
SE0000431058,,,,,556539-5356,manual
SE0000433914,Technology Nexus AB,4295890193.0,,SE,556405-7528,manual
SE0000434102,TDC Nordic AB,4298455188.0,,SE,,none
SE0000434292,Circassia AB,4295890366.0,SE556549105601,SE,5565491056.0,lseg_taxid
SE0000434342,Teligent AB,4295890246.0,,,556487-4596,manual
SE0000437402,,,,,556535-0252,manual
SE0000442121,,,,,556363-2115,manual
SE0000442931,M2s Sverige AB,4295890287.0,,SE,556562-9272,manual
SE0000444713,Forcenergy AB,4295889907.0,SE556217817701,SE,5562178177.0,lseg_taxid
SE0000445934,Affarsstrategerna AB,4295890080.0,,SE,556535-8032,manual
SE0000449068,A Brand New World in Sweden AB,4295890347.0,,SE,556585-1659,manual
SE0000451346,WJG Holdings AB,4295890094.0,SE556241677501,SE,5562416775.0,lseg_taxid
SE0000452682,Asticus AB,4295890053.0,,,556492-5817,manual
SE0000454746,Biotage AB,4295890368.0,SE556539313801,SE,5565393138.0,lseg_taxid
SE0000454886,Sodra Petroleum AB,4295890285.0,,SE,556393-6483,manual
SE0000455057,,,,,5556525149,manual
SE0000456386,Heimstaden A Lagenheter AB,4295890082.0,SE556549636001,SE,5565496360.0,lseg_taxid
SE0000459067,Kipling Holding AB,4295890301.0,,SE,556522-1004,manual
SE0000459299,Probi AB,4295890448.0,SE556417754001,SE,5564177540.0,lseg_taxid
SE0000459323,All Cards Service Center ACSC AB,4295890222.0,,SE,556538-5814,manual
SE0000461709,,,,,556529-3205,manual
SE0000468571,,,,,556054-4853,manual
SE0000469579,Lifco AB (publ),4295890097.0,SE556465318501,SE,5564653185.0,lseg_taxid
SE0000469769,Fastighets AB Balder,4295890203.0,,SE,556525-6905,manual
SE0000469959,,,,,556541-1644,manual
SE0000470395,,,,,556380-8723,manual
SE0000470700,Randstad Sweden Group AB,4295890265.0,SE556089657201,SE,5560896572.0,lseg_taxid
SE0000470817,Tryckinvest I Norden AB,4295955835.0,,,556471-8958,manual
SE0000472268,,,,,556291-3185,manual
SE0000476954,Nordic Service Partners Holding AB,4295889918.0,SE556534197001,SE,5565341970.0,lseg_taxid
SE0000476962,Lb Icon AB,4296436078.0,,SE,556471-3182,manual
SE0000477192,Artika Time Media Group AB,4298001598.0,,SE,556292-6005,manual
SE0000478059,Societe Europeenne de Communication SA,4295883013.0,,LU,,none
SE0000478067,Societe Europeenne de Communication SA,4295883013.0,,LU,,none
SE0000479107,Kofax Sweden Services AB,4295890229.0,SE556398106601,SE,5563981066.0,lseg_taxid
SE0000479495,Fortum Power and Heat AB,5000058251.0,,SE,556015-7750,manual
SE0000483943,Hultstrom Group AB,4295890161.0,SE556394198701,SE,5563941987.0,lseg_taxid
SE0000484305,Rks AB,4295890214.0,,SE,556343-1492,manual
SE0000488850,,,,,556529-1471,manual
SE0000489080,,,,,556542-9841,manual
SE0000489098,,,,,556542-9841,manual
SE0000495293,,,,,556541-7542,manual
SE0000500258,Aspiro AB,4295890066.0,SE556519999801,SE,5565199998.0,lseg_taxid
SE0000500290,Fabege Fastigheter Stockholm AB,5001153627.0,SE556050211301,SE,5560502113.0,lseg_taxid
SE0000500308,Fabege Fastigheter Stockholm AB,5001153627.0,SE556050211301,SE,5560502113.0,lseg_taxid
SE0000507659,Malmbergs Elektriska AB (publ),4295890220.0,SE556556278101,SE,5565562781.0,lseg_taxid
SE0000507774,Novada AB (publ),4295970960.0,,SE,556571-3874,manual
SE0000514325,Zapp AB,4295889843.0,,SE,556527-7880,manual
SE0000514374,Enea AB,4295889892.0,SE556209714601,SE,5562097146.0,lseg_taxid
SE0000514440,Cash Guard AB,4295890385.0,,SE,556608-5732,manual
SE0000514481,Im Maklarna AB,4296150653.0,,SE,556574-8551,manual
SE0000514515,Estinvest,4296378860.0,,SE,556548-9020,manual
SE0000514572,Petrosibir AB,5000002441.0,SE556468149101,SE,5564681491.0,lseg_taxid
SE0000514630,,,,,556258-4804,manual
SE0000514689,,,,,556484-1369,manual
SE0000519928,Centrecourt AB,4295890055.0,SE556546886401,SE,5565468864.0,lseg_taxid
SE0000520769,,,,,556545-6596,manual
SE0000523441,Castcom AB (publ),4295890149.0,,SE,556531-7798,manual
SE0000524191,Ballingslov International AB,4295890433.0,SE556556280701,SE,5565562807.0,lseg_taxid
SE0000524811,Ingman Glass AB,5001165002.0,SE556121848701,SE,5561218487.0,lseg_taxid
SE0000525057,Strawberry Properties AB,4295890186.0,SE556547607301,SE,5565476073.0,lseg_taxid
SE0000526626,Micro Systemation AB (publ),4296345132.0,SE556244305001,SE,5562443050.0,lseg_taxid
SE0000533440,Zeunerts i Norrland AB,4296137755.0,,SE,556031-5808,manual
SE0000535593,Skanditek Industriforvaltning AB,4295889857.0,,SE,556012-1328,manual
SE0000538258,Entra Data AB,4295890081.0,,SE,556259-6169,manual
SE0000538845,Naturkompaniet AB,4295890195.0,SE556433703701,SE,5564337037.0,lseg_taxid
SE0000538852,,,,,556520-0028,manual
SE0000540551,,,,,556500-0938,manual
SE0000542896,Skultuna Messingsbruk AB,4296225334.0,SE556029308501,SE,5560293085.0,lseg_taxid
SE0000544678,Persea AB,4295890163.0,SE556152240901,SE,5561522409.0,lseg_taxid
SE0000545311,Frango AB,4295890212.0,,SE,556495-3718,manual
SE0000545477,Eitech Electro AB,4295889759.0,SE556469073201,SE,5564690732.0,lseg_taxid
SE0000545626,Forterro Sweden AB,4295890200.0,SE556343421501,SE,5563434215.0,lseg_taxid
SE0000547929,,,,,556532-3929,manual
SE0000549412,Kungsleden AB,4295890224.0,SE556545121701,SE,5565451217.0,lseg_taxid
SE0000552697,Hitachi Energy Sweden AB,4295890052.0,SE556029702901,SE,5560297029.0,lseg_taxid
SE0000552705,Hitachi Energy Sweden AB,4295890052.0,SE556029702901,SE,5560297029.0,lseg_taxid
SE0000556292,,,,,556341-8425,manual
SE0000558173,Netwise AB,4295890184.0,,SE,556492-3499,manual
SE0000558470,,,,,,none
SE0000561623,Electrolux AB,4295890022.0,,SE,5560308313.0,name_matching
SE0000561821,Sorb Industri AB,4295890204.0,SE556272528201,SE,5562725282.0,lseg_taxid
SE0000564155,Tpc Security AB,4295890157.0,,SE,556557-7079,manual
SE0000565210,Midsona AB,4295890221.0,SE556241532201,SE,5562415322.0,lseg_taxid
SE0000565228,Midsona AB,4295890221.0,SE556241532201,SE,5562415322.0,lseg_taxid
SE0000567539,PION Group AB,4295890234.0,SE556447991201,SE,5564479912.0,lseg_taxid
SE0000567729,,,,,5560163493,manual
SE0000567752,Novotek AB,4295890248.0,SE556060944701,SE,5560609447.0,lseg_taxid
SE0000571275,Skribo Font AB (publ),4296987004.0,,SE,556588-7643,manual
SE0000571416,,,,,556309-3359,manual
SE0000577025,Swedmach Logistics AB,4296150428.0,SE556614793901,SE,5566147939.0,lseg_taxid
SE0000577199,Swedish Match Industries AB,4298317882.0,SE556005025301,SE,5560050253.0,lseg_taxid
SE0000579591,Autofill AB,4295890213.0,,SE,556556-9023,manual
SE0000582603,Availo AB,4295890031.0,SE556330305501,SE,5563303055.0,lseg_taxid
SE0000584948,Clas Ohlson AB,4295890258.0,SE556035867201,SE,5560358672.0,lseg_taxid
SE0000585960,Connecta AB,4295890239.0,,SE,556348-9369,manual
SE0000588147,Nordea Bank AB,5000062056.0,,SE,502010-5523,manual
SE0000590416,Perbio Science AB,4295890231.0,,SE,556201-8950,manual
SE0000592339,,,,,556544-6522,manual
SE0000592677,,,,,556570-8601,manual
SE0000594038,Net Capital B,4296986992.0,,SE,556564-1117,manual
SE0000601544,Friluftsbolaget Ekelund & Sagner AB,4295890179.0,,SE,556529-8278,manual
SE0000610354,,,,,556017-5703,manual
SE0000614695,Din Bostad Sverige AB,4295890075.0,SE556541189801,SE,5565411898.0,lseg_taxid
SE0000615858,Jotunfjell Partners AB,4295890376.0,,SE,556125-1526,manual
SE0000616716,Duni AB,4295889939.0,SE556536748801,SE,5565367488.0,lseg_taxid
SE0000619181,CareDx International AB,4296273226.0,,SE,556543-6127,manual
SE0000619496,Eplay,4296362812.0,,SE,556588-2678,manual
SE0000622656,HQ AB,8589934279.0,SE556573565001,SE,5565735650.0,lseg_taxid
SE0000625568,Abb Ltd,4295890743.0,CHE-101.049.653 MWST,CH,,none
SE0000628984,Reguard AB,4295890461.0,,SE,556542-2853,manual
SE0000634040,Pharmacia LLC,4296488045.0,209449968,US,,none
SE0000634321,Broadridge Trading and Connectivity Solutions AB,4295890187.0,SE556313458301,SE,5563134583.0,lseg_taxid
SE0000635401,,,,,556542-0824,manual
SE0000640369,Vision Park Entertainment AB,4295890349.0,,SE,556477-7024,manual
SE0000641151,Svithoid Tankers AB,4296988902.0,,,556295-9485,manual
SE0000646606,Dagon AB,4295890144.0,SE556431006701,SE,5564310067.0,lseg_taxid
SE0000648115,Axfood AB,4295890126.0,SE556542082401,SE,5565420824.0,lseg_taxid
SE0000652216,ICA Gruppen AB,4295889903.0,SE556048283701,SE,5560482837.0,lseg_taxid
SE0000653230,Studsvik AB,4295889859.0,SE556501099701,SE,5565010997.0,lseg_taxid
SE0000653404,Bluemarx AB,4295890137.0,,SE,556559-4612,manual
SE0000653495,Nordic Holding Sverige AB (publ),4297122440.0,,SE,556563-3490,manual
SE0000653628,Gamers Paradise Holding AB,4297097670.0,,SE,556527-1628,manual
SE0000657140,NetOnNet AB,4295890145.0,SE556520413701,SE,5565204137.0,lseg_taxid
SE0000667875,,,,,556588-8567,manual
SE0000667891,Sandvik AB,4295890065.0,,SE,5560003468,manual
SE0000667925,Telia Company AB,4295890327.0,SE556103424901,SE,5561034249.0,lseg_taxid
SE0000670580,,,,,556392-1971,manual
SE0000671711,Ependion AB,4295890355.0,SE556025185101,SE,5560251851.0,lseg_taxid
SE0000671810,Decerno City AB,4295890143.0,,SE,556473-4250,manual
SE0000672040,Coldator FreshCool International AB,4297896277.0,,SE,556584-7463,manual
SE0000672115,,,,,556556-2119,manual
SE0000672354,Axis AB,4295890374.0,SE556241106501,SE,5562411065.0,lseg_taxid
SE0000673907,Scandinavia Online AB,4295890357.0,,SE,556459-6711,manual
SE0000673998,Mind AB,4295890367.0,SE556582805901,SE,5565828059.0,lseg_taxid
SE0000674509,Knowit Connectivity AB,4295890358.0,SE556254067301,SE,5562540673.0,lseg_taxid
SE0000678328,I.A.R. Systems AB,4295890370.0,SE556230710701,SE,5562307107.0,lseg_taxid
SE0000680902,,,,,556301-2730,manual
SE0000683484,CellaVision AB,4296775506.0,SE556500099801,SE,5565000998.0,lseg_taxid
SE0000683757,Human Care HC AB (publ),4295890394.0,SE556494633201,SE,5564946332.0,lseg_taxid
SE0000684664,Turkronan B,4296364889.0,,SE,556563-9158,manual
SE0000689986,Johnson Pump International AB,4295890219.0,,SE,556007-4055,manual
SE0000695645,Jobline International AB,4295890170.0,,SE,556546-0231,manual
SE0000695876,Alfa Laval AB,4295890323.0,SE556587805401,SE,5565878054.0,lseg_taxid
SE0000696841,Metro International SA,4295882978.0,,LU,,none
SE0000696858,Metro International SA,4295882978.0,,LU,,none
SE0000698268,Hemtex AB,4295890457.0,SE556132705601,SE,5561327056.0,lseg_taxid
SE0000702169,Knowit Group Sverige AB,4295890243.0,SE556544652201,SE,5565446522.0,lseg_taxid
SE0000702177,AB Custos,4295890276.0,,SE,556013-0683,manual
SE0000706913,BTN Forvaltning AB,4295890162.0,,SE,556530-1263,manual
SE0000708620,Audiodev AB,4295890177.0,,SE,556529-8740,manual
SE0000718017,,,,,556588-0936,manual
SE0000718199,Capio AB (publ),4295890165.0,SE556706444801,SE,5567064448.0,lseg_taxid
SE0000718751,Eitech Electro AB,4295889759.0,SE556469073201,SE,5564690732.0,lseg_taxid
SE0000721433,Proact IT Sweden AB,4295890181.0,SE556328275401,SE,5563282754.0,lseg_taxid
SE0000722365,Vivesto AB,4296177203.0,SE556332667601,SE,5563326676.0,lseg_taxid
SE0000725624,JLT Mobile Computers AB (publ),4295890103.0,SE556239407101,SE,5562394071.0,lseg_taxid
SE0000731770,Ludvika Mining AB,4295890436.0,,SE,556546-4345,manual
SE0000736415,Orexo AB,4295890191.0,SE556500060001,SE,5565000600.0,lseg_taxid
SE0000739286,Alliance Oil Company Ltd,5041081940.0,,BM,,none
SE0000767188,,,,,556597-8201,manual
SE0000769044,Cellpoint Inc,4295912802.0,522032380,SE,,none
SE0000772956,,,,,556281-8830,manual
SE0000789711,,,,,556537-7263,manual
SE0000795411,Renewable Energy In Sweden,4297852638.0,,SE,556573-6500,manual
SE0000798829,Victoriahem Fastigheter AB,8589934307.0,SE556498944901,SE,5564989449.0,lseg_taxid
SE0000799827,Carnegie Fonder AB,5000071988.0,SE556266604901,SE,5562666049.0,lseg_taxid
SE0000805426,BTS Group AB,4295890475.0,SE556566711901,SE,5565667119.0,lseg_taxid
SE0000805574,,,,,556606-8499,manual
SE0000806994,JM AB,4295889959.0,,SE,5560312596.0,name_matching
SE0000808370,,,,,556302-9726,manual
SE0000808396,,,,,556282-4556,manual
SE0000809741,Epsilon AB,4295889924.0,,SE,,none
SE0000809881,Declam AB,4295890037.0,,,556045-7391,manual
SE0000816043,,,,,556354-3452,manual
SE0000818023,Transcom Worldwide AB,5043342310.0,SE556880127701,SE,5568801277.0,lseg_taxid
SE0000818031,Transcom Worldwide AB,5043342310.0,SE556880127701,SE,5568801277.0,lseg_taxid
SE0000818569,,,,,556488-2180,manual
SE0000825820,Orron Energy AB,4295890400.0,SE556610805501,SE,5566108055.0,lseg_taxid
SE0000835217,Sigma Nexer AB,4295890460.0,SE556347544001,SE,5563475440.0,lseg_taxid
SE0000856999,Stavrullen Finans AB (publ),4295890292.0,SE556125585101,SE,5561255851.0,lseg_taxid
SE0000857369,Invuo Technologies AB,4297625544.0,SE556610266001,SE,5566102660.0,lseg_taxid
SE0000862997,Billerud AB (publ),4295890183.0,SE556025500101,SE,5560255001.0,lseg_taxid
SE0000869646,,,,,556051-4142,manual
SE0000872095,Swedish Orphan Biovitrum AB (publ),4295889856.0,SE556038932101,SE,5560389321.0,lseg_taxid
SE0000891798,,,,,556161-9429,manual
SE0000901779,Vostok Energo Investment Sdb,4296053076.0,,SE,,none
SE0000936478,Intrum AB,4295890466.0,SE556607758101,SE,5566077581.0,lseg_taxid
SE0000937674,ACAP Invest AB,4296415908.0,SE556087783801,SE,5560877838.0,lseg_taxid
SE0000937682,ACAP Invest AB,4296415908.0,SE556087783801,SE,5560877838.0,lseg_taxid
SE0000949331,Nobia AB,4295890455.0,SE556528275201,SE,5565282752.0,lseg_taxid
SE0000950636,,,,,556367-0230,manual
SE0000950982,SinterCast AB,4295890000.0,SE556233649401,SE,5562336494.0,lseg_taxid
SE0000957979,Corem Kelly AB,4295890109.0,SE556482583301,SE,5564825833.0,lseg_taxid
SE0000957987,,,,,556733-4379,manual
SE0000961724,Connecta AB,4295890239.0,,SE,556404-8247,manual
SE0001048984,BioPhausia AB,4295890105.0,SE556485015301,SE,5564850153.0,lseg_taxid
SE0001097031,Kamstrup AB,4295890127.0,SE556436489001,SE,5564364890.0,lseg_taxid
SE0001104209,,,,,556539-5356,manual
SE0001105487,Brinova Fastigheter AB,4295889888.0,,SE,556840-3918,manual
SE0001105511,ZetaDisplay AB,4297313746.0,SE556603443401,SE,5566034434.0,lseg_taxid
SE0001116021,,,,,556737-0431,manual
SE0001121617,,,,,556567-6720,manual
SE0001124421,Altima AB,4296997979.0,,SE,556538-5608,manual
SE0001131269,Seliro AB,4298014980.0,SE556537581201,SE,5565375812.0,lseg_taxid
SE0001134529,Lundin Mining Corp,5000000011.0,898434881RC0003,CA,,none
SE0001134537,Tanganyika Oil Co Ltd,4295862988.0,101818474RC0001,CA,,none
SE0001137985,Active Biotech AB publ,4295889837.0,SE556223922701,SE,5562239227.0,lseg_taxid
SE0001159344,,,,,556510-4690,manual
SE0001161530,Acando Solutions AB,4295889989.0,,SE,556568-1239,manual
SE0001161654,Note AB (publ),4295890034.0,SE556408877001,SE,5564088770.0,lseg_taxid
SE0001174889,Oriflame Cosmetics SA,4295883011.0,,LU,,none
SE0001174970,Millicom International Cellular SA,4295882985.0,,LU,502072-0982,manual
SE0001176298,,,,,556615-8266,manual
SE0001180423,,,,,556227-9525,manual
SE0001192485,,,,,,none
SE0001198714,,,,,556292-1089,manual
SE0001200015,Invisio AB,4297246563.0,SE556651098701,SE,5566510987.0,lseg_taxid
SE0001207606,Ainax AB,4295890465.0,,,556577-4195,manual
SE0001210329,Envirosation AB,4296964697.0,SE556662180001,SE,5566621800.0,lseg_taxid
SE0001230061,Graninge AB,4295889869.0,SE556670253501,SE,5566702535.0,lseg_taxid
SE0001280355,Probi AB,4295890448.0,SE556417754001,SE,5564177540.0,lseg_taxid
SE0001283607,Uniflex AB,4298015047.0,SE556462088701,SE,5564620887.0,lseg_taxid
SE0001289190,,,,,556574-8015,manual
SE0001306119,ADDvise Group AB (publ),4295890321.0,SE556363211501,SE,5563632115.0,lseg_taxid
SE0001336983,Bostads Drott AB,4295890332.0,,,556227-9525,manual
SE0001338039,FormPipe Software AB,4297268809.0,SE556668660501,SE,5566686605.0,lseg_taxid
SE0001413600,,,,,556367-0230,manual
SE0001447723,Gunnebo Industrier AB,4295889917.0,SE556324918301,SE,5563249183.0,lseg_taxid
SE0001449380,Mangold AB,5000824333.0,SE556628540801,SE,5566285408.0,lseg_taxid
SE0001471103,Transmode AB,5001078903.0,SE556588910101,SE,5565889101.0,lseg_taxid
SE0001493693,Bryggpipan AB,4295889930.0,,SE,556539-5689,manual
SE0001493776,,,,,556669-2850,manual
SE0001511031,,,,,556177-4177,manual
SE0001512088,Bulten Holding AB,4295889780.0,SE556224089401,SE,5562240894.0,lseg_taxid
SE0001515552,Indutrade AB,4295890290.0,SE556017936701,SE,5560179367.0,lseg_taxid
SE0001552357,TradeDoubler AB,4295890304.0,SE556575742301,SE,5565757423.0,lseg_taxid
SE0001572520,Elon AB (publ),4297514392.0,SE556065405401,SE,5560654054.0,lseg_taxid
SE0001582651,,,,,556459-6711,manual
SE0001625534,Bredband2 Allmanna IT AB,4297738481.0,SE556626240701,SE,5566262407.0,lseg_taxid
SE0001629288,Sagax AB,4295890156.0,SE556520002801,SE,5565200028.0,lseg_taxid
SE0001630880,,,,,556661-2312,manual
SE0001634262,Dios Fastigheter AB,4295889799.0,SE556501177101,SE,5565011771.0,lseg_taxid
SE0001662222,Husqvarna AB,4295890395.0,SE556000533101,SE,5560005331.0,lseg_taxid
SE0001662230,Husqvarna AB,4295890395.0,SE556000533101,SE,5560005331.0,lseg_taxid
SE0001664210,Gant Company AB,4295890449.0,SE556600448601,SE,5566004486.0,lseg_taxid
SE0001664707,Catena AB,4295890481.0,SE556294171501,SE,5562941715.0,lseg_taxid
SE0001672809,,,,,556679-1219,manual
SE0001696683,Opus Group AB (publ),4298014981.0,SE556390606301,SE,5563906063.0,lseg_taxid
SE0001733841,Swedol AB,4297631334.0,SE556127618801,SE,5561276188.0,lseg_taxid
SE0001739053,Franco Frankerings Intressenter AB,5001160339.0,,SE,556241-9584,manual
SE0001775479,,,,,556010-4988,manual
SE0001785197,Niscayah Group AB,4295889788.0,SE556436626701,SE,5564366267.0,lseg_taxid
SE0001785270,Melker Schorling AB,4295890375.0,SE556560530901,SE,5565605309.0,lseg_taxid
SE0001789306,,,,,,none
SE0001803131,,,,,556694-2974,manual
SE0001823303,,,,,556545-6596,manual
SE0001824004,G5 Entertainment AB (publ),4297808296.0,SE556680887801,SE,5566808878.0,lseg_taxid
SE0001824103,,,,,556542-5070,manual
SE0001826215,SCA Estonian Forests AB,4295890297.0,SE556726465901,SE,5567264659.0,lseg_taxid
SE0001835588,,,,,,none
SE0001852211,,,,,556578-4724,manual
SE0001852419,Lindab International AB,5000073371.0,SE556606544601,SE,5566065446.0,lseg_taxid
SE0001857533,Radisson Hospitality AB,4298364841.0,SE556674096401,SE,5566740964.0,lseg_taxid
SE0001882291,,,,,,none
SE0001915190,,,,,556704-4168,manual
SE0001956293,Gambro AB,4295889755.0,,SE,5560280942.0,name_matching
SE0001956301,,,,,556051-8536,manual
SE0001965369,NAXS AB (publ),4298052334.0,SE556712297201,SE,5567122972.0,lseg_taxid
SE0001965435,Fabege Isak AB,4295890009.0,SE556542770401,SE,5565427704.0,lseg_taxid
SE0001966656,,,,,556469-6291,manual
SE0001989252,,,,,556532-6443,manual
SE0001991670,,,,,556686-3576,manual
SE0002000083,,,,,556576-4205,manual
SE0002016352,C Rad AB,4295890412.0,SE556663917401,SE,5566639174.0,lseg_taxid
SE0002017657,,,,,5560726972,manual
SE0002026179,,,,,556706-4448,manual
SE0002056721,,,,,,none
SE0002060863,BlackPearl Resources Inc (Pre-Reincorporation),4295862912.0,102834090RC0002,CA,,none
SE0002084343,,,,,556534-5211,manual
SE0002091496,Peab Industri AB,4295889890.0,SE556594955801,SE,5565949558.0,lseg_taxid
SE0002095604,Arise AB,5000263125.0,SE556274672601,SE,5562746726.0,lseg_taxid
SE0002105601,,,,,556730-7813,manual
SE0002109330,,,,,556389-3956,manual
SE0002110064,Meko AB,4295890369.0,SE556392197101,SE,5563921971.0,lseg_taxid
SE0002133975,,,,,556160-4108,manual
SE0002136242,,,,,556661-8954,manual
SE0002148817,Hansa Biopharma AB,4298014997.0,SE556734535901,SE,5567345359.0,lseg_taxid
SE0002158568,,,,,556693-7404,manual
SE0002160010,TV4 AB,4295889965.0,SE556242715201,SE,5562427152.0,lseg_taxid
SE0002174490,AB Custos,4295890276.0,,SE,556013-0683,manual
SE0002180539,Avega Group AB,4298015034.0,SE556601188701,SE,5566011887.0,lseg_taxid
SE0002190926,Karolinska Development AB,4298129740.0,SE556707504801,SE,5567075048.0,lseg_taxid
SE0002216713,Victoriahem AB,4298014993.0,SE556695073801,SE,5566950738.0,lseg_taxid
SE0002253385,,,,,556582-0519,manual
SE0002257402,,,,,556463-9440,manual
SE0002367797,,,,,556168-6360,manual
SE0002402701,Ework Group AB,4298072806.0,SE556587870801,SE,5565878708.0,lseg_taxid
SE0002452623,,,,,556108-9631,manual
SE0002469312,Ricoh Sverige Holding AB,4298011096.0,,SE,556666-9321,manual
SE0002478776,Senzime AB (publ),4298015323.0,SE556565573401,SE,5565655734.0,lseg_taxid
SE0002571539,DGC One AB,4298015254.0,SE556624173201,SE,5566241732.0,lseg_taxid
SE0002575340,Abliva AB,4298051839.0,SE556595653801,SE,5565956538.0,lseg_taxid
SE0002579912,GHP Specialty Care AB,4295897716.0,,SE,556648-2204,manual
SE0002583195,Telelogic AB,4295890202.0,,,556054-4853,manual
SE0002591420,Tobii AB,4297843251.0,SE556613965401,SE,5566139654.0,lseg_taxid
SE0002591651,,,,,556452-6514,manual
SE0002591743,,,,,556243-8001,manual
SE0002626861,Cloetta AB,5000075020.0,SE556308814401,SE,5563088144.0,lseg_taxid
SE0002683557,,,,,556011-5036,manual
SE0002687749,Swedbank AB,8589934289.0,,SE,502017-7753,manual
SE0002727180,SalusAnsvar AB,4295890122.0,,SE,556494-4154,manual
SE0002870873,Verisure Group AB,4295889868.0,SE556222901201,SE,5562229012.0,lseg_taxid
SE0003207141,Broadridge Trading and Connectivity Solutions AB,4295890187.0,SE556313458301,SE,5563134583.0,lseg_taxid
SE0003208792,,,,,556463-9440,manual
SE0003210590,Arbona AB (publ),4295890237.0,SE556541886901,SE,5565418869.0,lseg_taxid
SE0003303460,,,,,556697-2211,manual
SE0003303627,Byggmax Group AB,4298314275.0,SE556656353101,SE,5566563531.0,lseg_taxid
SE0003366871,SAS AB,4295890190.0,SE556606849901,SE,5566068499.0,lseg_taxid
SE0003421544,,,,,556567-2549,manual
SE0003491562,Episurf Medical AB,5001169059.0,SE556767054101,SE,5567670541.0,lseg_taxid
SE0003613090,,,,,556697-7426,manual
SE0003652163,,,,,5560125790,manual
SE0003689983,,,,,556845-4619,manual
SE0003756758,Sdiptech AB (publ),5035397007.0,SE556672489301,SE,5566724893.0,lseg_taxid
SE0003815604,Egetis Therapeutics AB (publ),4297630316.0,SE556706672401,SE,5567066724.0,lseg_taxid
SE0003849223,Bulten AB,4298314986.0,SE556668214101,SE,5566682141.0,lseg_taxid
SE0003909282,Dedicare AB (publ),4298314558.0,SE556516150101,SE,5565161501.0,lseg_taxid
SE0003917798,Sivers Semiconductors AB,5001436308.0,SE556383934801,SE,5563839348.0,lseg_taxid
SE0003949973,Fastighets AB Balder,4295890203.0,,SE,556525-6905,manual
SE0003950864,Concentric AB,5035166756.0,SE556828499501,SE,5568284995.0,lseg_taxid
SE0004390037,Corem Kelly AB,4295890109.0,SE556482583301,SE,5564825833.0,lseg_taxid
SE0004390516,,,,,556866-0723,manual
SE0004633956,,,,,556588-0936,manual
SE0004635878,Sagax AB,4295890156.0,SE556520002801,SE,5565200028.0,lseg_taxid
SE0004777241,TSR Noisiver 7 AB,5035418235.0,,SE,556788-8614,manual
SE0004840718,Xvivo Perfusion AB,5036197319.0,SE556561042401,SE,5565610424.0,lseg_taxid
SE0004949691,Alliance Oil Company Ltd (Pre-Merger),4295890208.0,,RU,,none
SE0004977692,Platzer Fastigheter Holding AB (publ),5000471391.0,SE556746643701,SE,5567466437.0,lseg_taxid
SE0005003654,,,,,556629-1786,manual
SE0005034550,Neobo Fastigheter AB (publ),4295889819.0,SE556580252601,SE,5565802526.0,lseg_taxid
SE0005095601,,,,,556484-4303,manual
SE0005096369,Oscar Properties Holding AB,5040045786.0,,SE,556734-7777,manual
SE0005126729,PA Resources AB,4295890269.0,,SE,556488-2180,manual
SE0005126885,Tribona AB,5038052375.0,SE556870464601,SE,5568704646.0,lseg_taxid
SE0005127818,Sagax AB,4295890156.0,SE556520002801,SE,5565200028.0,lseg_taxid
SE0005127875,,,,,556883-1449,manual
SE0005137031,,,,,556529-3205,manual
SE0005188349,,,,,556658-0683,manual
SE0005188471,,,,,556209-7146,manual
SE0005189347,,,,,556532-6443,manual
SE0005190220,Tele2 AB,4295890035.0,SE556410891701,SE,5564108917.0,lseg_taxid
SE0005190238,Tele2 AB,4295890035.0,SE556410891701,SE,5564108917.0,lseg_taxid
SE0005191426,,,,,556010-4988,manual
SE0005191475,,,,,,none
SE0005191806,,,,,556471-2315,manual
SE0005217320,,,,,556230-7867,manual
SE0005217379,,,,,556090-4251,manual
SE0005222841,Ratos AB,4295889824.0,SE556008358501,SE,5560083585.0,lseg_taxid
SE0005223674,,,,,556196-1599,manual
SE0005223773,,,,,556064-8304,manual
SE0005250487,Victoriahem AB,4298014993.0,SE556695073801,SE,5566950738.0,lseg_taxid
SE0005392529,,,,,556484-1369,manual
SE0005397106,,,,,559296-1105,manual
SE0005454873,Nanologica AB (publ),5036353961.0,SE556664502301,SE,5566645023.0,lseg_taxid
SE0005468717,Ferronordic AB,5037614167.0,SE556748795301,SE,5567487953.0,lseg_taxid
SE0005498557,,,,,556567-2549,manual
SE0005568136,,,,,556302-9726,manual
SE0005594728,Victoriahem Fastigheter AB,8589934307.0,SE556498944901,SE,5564989449.0,lseg_taxid
SE0005676160,Arcam AB,4295890444.0,SE556539535601,SE,5565395356.0,lseg_taxid
SE0005677135,,,,,5560369190,manual
SE0005704053,SAS AB,4295890190.0,SE556606849901,SE,5566068499.0,lseg_taxid
SE0005704129,,,,,556845-4619,manual
SE0005731171,Hemfosa Fastigheter,,,,556917-4377,manual
SE0005757267,Recipharm AB,4297907825.0,SE556498842501,SE,5564988425.0,lseg_taxid
SE0005794617,Saniona AB,5041982010.0,SE556962534501,DK,5569625345.0,lseg_taxid
SE0005849437,,,,,556658-0683,manual
SE0005851268,,,,,556209-7146,manual
SE0005851706,IAR Systems Group AB,4295890225.0,SE556400720001,SE,5564007200.0,lseg_taxid
SE0005851748,,,,,556529-3205,manual
SE0005876943,,,,,556532-6443,manual
SE0005876968,,,,,556047-0320,manual
SE0005877271,,,,,556883-1449,manual
SE0005878543,Hanza AB,5043315757.0,SE556748839901,SE,5567488399.0,lseg_taxid
SE0005878741,Bactiguard Holding AB,5037131306.0,SE556822118701,SE,5568221187.0,lseg_taxid
SE0005932795,Victoriahem AB,4298014993.0,SE556695073801,SE,5566950738.0,lseg_taxid
SE0005935558,,,,,556110-6203,manual
SE0005936911,,,,,556090-4251,manual
SE0005991411,Besqab Bostadsutveckling AB,5037624021.0,SE556693888101,SE,5566938881.0,lseg_taxid
SE0005992567,,,,,556292-1089,manual
SE0005992831,Starbreeze AB,4295890484.0,SE556551893201,SE,5565518932.0,lseg_taxid
SE0005999760,Scandi Standard AB (publ),5040249601.0,SE556921062701,SE,5569210627.0,lseg_taxid
SE0005999778,Com Hem Holding AB,5036354857.0,SE556858661301,SE,5568586613.0,lseg_taxid
SE0005999836,Afry AB,4295889760.0,SE556120647401,SE,5561206474.0,lseg_taxid
SE0006055257,,,,,556880-1277,manual
SE0006091997,Immunovia AB (publ),5035541429.0,SE556730429901,SE,5567304299.0,lseg_taxid
SE0006143129,Berner Industrier AB,5043336791.0,SE556026366601,SE,5560263666.0,lseg_taxid
SE0006168316,Transcom Worldwide AB,5043342310.0,SE556880127701,SE,5568801277.0,lseg_taxid
SE0006168530,,,,,556064-8304,manual
SE0006220018,Inwido AB (publ),4297099430.0,SE556633382801,SE,5566333828.0,lseg_taxid
SE0006288015,Granges AB,4295890016.0,SE556001612201,SE,5560016122.0,lseg_taxid
SE0006342333,NP3 Fastigheter AB,5037586721.0,SE556749196301,SE,5567491963.0,lseg_taxid
SE0006370730,,,,,556058-1523,manual
SE0006371126,Cantargia AB,5035526164.0,SE556791601901,SE,5567916019.0,lseg_taxid
SE0006421871,Image Systems AB,4297082859.0,SE556319404101,SE,5563194041.0,lseg_taxid
SE0006422390,Thule Group AB,5034837851.0,SE556770631101,SE,5567706311.0,lseg_taxid
SE0006425401,,,,,556733-4379,manual
SE0006425419,,,,,556917-4377,manual
SE0006425484,,,,,559085-5721,manual
SE0006425815,Powercell Sweden AB (publ),5001164600.0,SE556759835301,SE,5567598353.0,lseg_taxid
SE0006509949,Eltel AB,4298548174.0,SE556728665201,SE,5567286652.0,lseg_taxid
SE0006543344,Stendorren Fastigheter AB,5001439528.0,SE556825474101,SE,5568254741.0,lseg_taxid
SE0006543740,,,,,556984-0910,manual
SE0006593901,Corem Kelly AB,4295890109.0,SE556482583301,SE,5564825833.0,lseg_taxid
SE0006593919,Corem Kelly AB,4295890109.0,SE556482583301,SE,5564825833.0,lseg_taxid
SE0006593927,Corem Kelly AB,4295890109.0,SE556482583301,SE,5564825833.0,lseg_taxid
SE0006625471,Dustin Group AB,5000588863.0,SE556703306201,SE,5567033062.0,lseg_taxid
SE0006732392,,,,,556916-4030,manual
SE0006758348,Sdiptech AB (publ),5035397007.0,SE556672489301,SE,5566724893.0,lseg_taxid
SE0006758587,Transtema Group AB,5045946396.0,SE556988041101,SE,5569880411.0,lseg_taxid
SE0006826046,,,,,556994-5792,manual
SE0006852075,K2A Knaust & Andersson Fastigheter AB (publ),5045821131.0,SE556943760001,SE,5569437600.0,lseg_taxid
SE0006886727,,,,,556529-3205,manual
SE0006886750,,,,,556014-2720,manual
SE0006886768,,,,,556014-2720,manual
SE0006887063,Hoist Finance AB (publ),4295889832.0,SE556012848901,SE,5560128489.0,lseg_taxid
SE0006963682,,,,,556883-1449,manual
SE0006964508,,,,,556209-7146,manual
SE0006965216,NOBA Group AB (publ),5046043399.0,SE556993248501,SE,5569932485.0,lseg_taxid
SE0006965240,,,,,556658-0683,manual
SE0006992335,,,,,556734-7777,manual
SE0006993770,Axfood AB,4295890126.0,SE556542082401,SE,5565420824.0,lseg_taxid
SE0006993986,,,,,556090-4251,manual
SE0007047717,,,,,556555-4317,manual
SE0007048012,,,,,556615-8266,manual
SE0007048020,Collector AB,4298314424.0,,SE,556560-0797,manual
SE0007074281,Hexpol AB,4298015145.0,SE556108963101,SE,5561089631.0,lseg_taxid
SE0007074505,Magnolia Bostad AB,5042261340.0,SE556797707801,SE,5567977078.0,lseg_taxid
SE0007074828,,,,,556532-6443,manual
SE0007074844,,,,,556072-1523,manual
SE0007075056,Eolus AB (publ),4298121615.0,SE556389395601,SE,5563893956.0,lseg_taxid
SE0007100342,Nilorngruppen AB,4295890173.0,SE556322378201,SE,5563223782.0,lseg_taxid
SE0007100359,Pandox AB,4295890111.0,SE556030788501,SE,5560307885.0,lseg_taxid
SE0007100581,Assa Abloy AB,4295890339.0,SE556059357501,SE,5560593575.0,lseg_taxid
SE0007100599,Svenska Handelsbanken AB,8589934190.0,,SE,5020077862,manual
SE0007100607,Svenska Handelsbanken AB,8589934190.0,,SE,5020077862,manual
SE0007126115,Hemfosa Fastigheter AB,5000156016.0,SE556917437701,SE,5569174377.0,lseg_taxid
SE0007126123,Hemfosa Fastigheter AB,5000156016.0,SE556917437701,SE,5569174377.0,lseg_taxid
SE0007157763,Bilia AB,4295889806.0,SE556112569001,SE,5561125690.0,lseg_taxid
SE0007158829,Coor Service Management Holding AB,5046048301.0,SE556742080601,SE,5567420806.0,lseg_taxid
SE0007158910,Alimak Group AB (publ),5046048838.0,SE556714185701,SE,5567141857.0,lseg_taxid
SE0007158928,Starbreeze AB,4295890484.0,SE556551893201,SE,5565518932.0,lseg_taxid
SE0007184189,Genova Property Group AB,5047820438.0,,SE,556693-7753,manual
SE0007185418,Nobina AB,4296849849.0,SE556576456901,SE,5565764569.0,lseg_taxid
SE0007185681,Capio AB (publ),4295890165.0,SE556706444801,SE,5567064448.0,lseg_taxid
SE0007192018,VEF Ltd,5045949777.0,,BM,50298,manual
SE0007277876,Wise Group AB,4297853907.0,SE556686357601,SE,5566863576.0,lseg_taxid
SE0007278841,Tornskogens fastighetsforvaltning i Solna AB,4298316778.0,SE556669415301,SE,5566694153.0,lseg_taxid
SE0007278965,,,,,,none
SE0007306162,,,,,556064-8304,manual
SE0007306188,,,,,556984-0910,manual
SE0007331608,,,,,556158-1041,manual
SE0007439112,,,,,556882-8908,manual
SE0007464888,Karo Healthcare AB,4295890114.0,SE556309335901,SE,5563093359.0,lseg_taxid
SE0007491105,Nordic Mines AB (publ),4298015258.0,SE556679121501,SE,5566791215.0,lseg_taxid
SE0007491303,Bravida Holding AB,5040035573.0,SE556891539001,SE,5568915390.0,lseg_taxid
SE0007526132,Genova Property Group AB,5047820438.0,,SE,556864-8116,manual
SE0007577895,Vicore Pharma Holding AB,5035429047.0,SE556680380401,SE,5566803804.0,lseg_taxid
SE0007578026,Fastator AB (publ),5035521205.0,SE556678664501,SE,5566786645.0,lseg_taxid
SE0007603493,,,,,5560125790,manual
SE0007640156,Scandic Hotels Group AB,5042957431.0,SE556703170201,SE,5567031702.0,lseg_taxid
SE0007665823,Resurs Holding AB (publ),4297847546.0,SE556898229101,SE,5568982291.0,lseg_taxid
SE0007666110,Attendo AB (publ),5047747863.0,SE559026788501,SE,5590267885.0,lseg_taxid
SE0007691613,Dometic Group AB (publ),5034845523.0,SE556829439001,SE,5568294390.0,lseg_taxid
SE0007692850,Camurus AB,5035523580.0,SE556667910501,SE,5566679105.0,lseg_taxid
SE0007704788,,,,,5556721604,manual
SE0007730650,Nuevolution AB,5047645474.0,SE559026430401,DK,5590264304.0,lseg_taxid
SE0007789409,,,,,556749-2375,manual
SE0007871363,Vitec Software Group AB (publ),4295889798.0,SE556258480401,SE,5562584804.0,lseg_taxid
SE0007871645,Kindred Group PLC,4295899099.0,,MT,,none
SE0007897079,AcadeMedia AB,5039603721.0,SE556846023101,SE,5568460231.0,lseg_taxid
SE0007982814,,,,,556995-8126,manual
SE0008008254,,,,,556484-1369,manual
SE0008008262,,,,,5560730015,manual
SE0008015259,Infant Bacterial Therapeutics AB,5040202605.0,SE556873858601,SE,5568738586.0,lseg_taxid
SE0008040653,Humana AB,4298446149.0,SE556760847501,SE,5567608475.0,lseg_taxid
SE0008041248,,,,,556870-4521,manual
SE0008091573,Bonava AB (publ),5050987278.0,SE556928038001,SE,5569280380.0,lseg_taxid
SE0008091581,Bonava AB (publ),5050987278.0,SE556928038001,SE,5569280380.0,lseg_taxid
SE0008091904,LeoVegas AB (publ),5050647780.0,SE556830403301,SE,5568304033.0,lseg_taxid
SE0008135610,HiQ International AB,4295890218.0,SE556529320501,SE,5565293205.0,lseg_taxid
SE0008212518,Enea AB,4295889892.0,SE556209714601,SE,5562097146.0,lseg_taxid
SE0008212971,,,,,556532-6443,manual
SE0008241491,SynAct Pharma AB,5051390062.0,SE559058482601,SE,5590584826.0,lseg_taxid
SE0008242002,,,,,556658-0683,manual
SE0008242358,,,,,556090-4251,manual
SE0008293674,Wilson Therapeutics AB,5037841682.0,SE556893035701,SE,5568930357.0,lseg_taxid
SE0008294334,,,,,556694-2974,manual
SE0008321202,Irras AB,5051002364.0,SE556872713401,SE,5568727134.0,lseg_taxid
SE0008321293,,,,,5556380004,manual
SE0008321608,Investment Oresund AB,4295889775.0,,SE,556063-9144,manual
SE0008321921,BE Group AB (publ),4295889910.0,SE556578472401,SE,5565784724.0,lseg_taxid
SE0008347652,Brinova Fastigheter AB (publ),5050306170.0,SE556840391801,SE,5568403918.0,lseg_taxid
SE0008347660,B3 Consulting Group AB (publ),5039660389.0,SE556606330001,SE,5566063300.0,lseg_taxid
SE0008348767,Trention AB,4295890201.0,SE556274862301,SE,5562748623.0,lseg_taxid
SE0008373898,,,,,556047-9742,manual
SE0008373906,,,,,556047-9742,manual
SE0008374250,,,,,556154-2381,manual
SE0008374383,Maha Capital AB,5051388710.0,SE559018954301,SE,5590189543.0,lseg_taxid
SE0008375117,,,,,556292-1089,manual
SE0008585525,Internationella Engelska Skolan I Sverige Holdings II AB,5052122804.0,SE556900725401,SE,5569007254.0,lseg_taxid
SE0008613970,,,,,556064-8304,manual
SE0009143662,Volati AB,4297995774.0,SE556555431701,SE,5565554317.0,lseg_taxid
SE0009143670,Volati AB,4297995774.0,SE556555431701,SE,5565554317.0,lseg_taxid
SE0009155005,Ahlsell AB (publ),5052152319.0,SE556882891601,SE,5568828916.0,lseg_taxid
SE0009160872,MedCap AB (publ),4298052321.0,SE556617145901,SE,5566171459.0,lseg_taxid
SE0009161052,Sagax AB,4295890156.0,SE556520002801,SE,5565200028.0,lseg_taxid
SE0009161185,,,,,556615-8266,manual
SE0009189657,,,,,559050-5052,manual
SE0009216278,Mips AB,4298520737.0,SE556609016201,SE,5566090162.0,lseg_taxid
SE0009241706,,,,,556792-3324,manual
SE0009242225,,,,,556931-4692,manual
SE0009268360,Edgeware AB (publ),4298520481.0,SE556691755401,SE,5566917554.0,lseg_taxid
SE0009269467,Actic Group AB,5042953846.0,SE556895340901,SE,5568953409.0,lseg_taxid
SE0009414576,Oncopeptides AB,4298493813.0,SE556596643801,SE,5565966438.0,lseg_taxid
SE0009554454,Samhallsbyggnadsbolaget I Norden AB,5044034256.0,SE556981766001,SE,5569817660.0,lseg_taxid
SE0009581051,Isofol Medical AB (publ),4298053516.0,SE556759806401,SE,5567598064.0,lseg_taxid
SE0009663511,SSM Holding AB,5040933035.0,SE556533390201,SE,5565333902.0,lseg_taxid
SE0009663826,Ambea AB (publ),5050709784.0,SE556468435401,SE,5564684354.0,lseg_taxid
SE0009664253,,,,,559015-8944,manual
SE0009696883,,,,,556529-3205,manual
SE0009697220,Enea AB,4295889892.0,SE556209714601,SE,5562097146.0,lseg_taxid
SE0009697246,,,,,556658-0683,manual
SE0009773237,,,,,556532-6443,manual
SE0009778848,Medicover AB,5055421947.0,SE559073948701,SE,5590739487.0,lseg_taxid
SE0009779796,Seafire AB (publ),4295890464.0,SE556540761501,SE,5565407615.0,lseg_taxid
SE0009806607,Munters Group AB,5039603655.0,SE556819232101,SE,5568192321.0,lseg_taxid
SE0009806896,,,,,556090-4251,manual
SE0009858152,Bonesupport Holding AB,5035396745.0,SE556802217101,SE,5568022171.0,lseg_taxid
SE0009888738,Boozt AB,5035421856.0,SE556793518301,SE,5567935183.0,lseg_taxid
SE0009921471,,,,,556183-6118,manual
SE0009921588,Bilia AB,4295889806.0,SE556112569001,SE,5561125690.0,lseg_taxid
SE0009922156,Essity AB (publ),5052544698.0,SE556325551101,SE,5563255511.0,lseg_taxid
SE0009922164,Essity AB (publ),5052544698.0,SE556325551101,SE,5563255511.0,lseg_taxid
SE0009922305,Alligo AB,5056388216.0,SE559072135201,SE,5590721352.0,lseg_taxid
SE0009947534,,,,,556670-2519,manual
SE0009947708,NGS Group AB,4298015255.0,SE556535112801,SE,5565351128.0,lseg_taxid
SE0009973449,,,,,556076-2055,manual
SE0009973563,XSpray Pharma AB (publ),5035546429.0,SE556649367101,SE,5566493671.0,lseg_taxid
SE0009994429,,,,,556678-6645,manual
SE0009997018,HMS Networks AB,4298014995.0,SE556661895401,SE,5566618954.0,lseg_taxid
SE0010023432,Mertiva AB,4295890483.0,,SE,556634-3185,manual
SE0010048884,Fagerhult Group AB,5000068480.0,SE556110620301,SE,5561106203.0,lseg_taxid
SE0010100958,Investment AB Latour,4295889805.0,SE556026323701,SE,5560263237.0,lseg_taxid
SE0010133256,European Entertainment Intressenter Sweden AB,5000032613.0,SE556210990901,SE,5562109909.0,lseg_taxid
SE0010133819,,,,,556064-8304,manual
SE0010219774,Black Earth Farming Ltd,4298015141.0,,JE,,none
SE0010298109,Handicare Group AB,5046729192.0,SE556982711501,SE,5569827115.0,lseg_taxid
SE0010323311,BioArctic AB,5035561399.0,SE556601267901,SE,5566012679.0,lseg_taxid
SE0010323998,Balco Group AB,5039191287.0,SE556821231901,SE,5568212319.0,lseg_taxid
SE0010413567,Arion banki hf,5000456213.0,102997,IS,,none
SE0010415281,Anoto Group AB,4295890313.0,SE556532392901,SE,5565323929.0,lseg_taxid
SE0010441139,Railcare Group AB,4295890326.0,SE556730781301,SE,5567307813.0,lseg_taxid
SE0010441584,Calliditas Therapeutics AB,5035524063.0,SE556659976601,SE,5566599766.0,lseg_taxid
SE0010468116,Arjo AB (publ),5057956676.0,SE559092806401,SE,5590928064.0,lseg_taxid
SE0010494476,,,,,556781-4024,manual
SE0010494856,,,,,556463-9440,manual
SE0010494864,,,,,556463-9440,manual
SE0010520155,Rolling Optics Holding AB,4295889895.0,SE556056515101,SE,5560565151.0,lseg_taxid
SE0010520254,K2A Knaust & Andersson Fastigheter AB (publ),5045821131.0,SE556943760001,SE,5569437600.0,lseg_taxid
SE0010520981,KappAhl AB,4295890063.0,SE556661231201,SE,5566612312.0,lseg_taxid
SE0010573113,Ascelia Pharma AB,4297712258.0,SE556571879701,SE,5565718797.0,lseg_taxid
SE0010599704,Atvexa AB,5039709317.0,SE556781402401,SE,5567814024.0,lseg_taxid
SE0010600106,Infrea AB,5052145662.0,SE556556528901,SE,5565565289.0,lseg_taxid
SE0010663302,,,,,556469-2019,manual
SE0010663310,,,,,556469-2019,manual
SE0010714279,Corem Property Group AB,5000037373.0,SE556463944001,SE,5564639440.0,lseg_taxid
SE0010714287,Corem Property Group AB,5000037373.0,SE556463944001,SE,5564639440.0,lseg_taxid
SE0010714311,Corem Property Group AB,5000037373.0,SE556463944001,SE,5564639440.0,lseg_taxid
SE0010769182,mySafety Group AB,4295890116.0,SE556313530901,SE,5563135309.0,lseg_taxid
SE0010820514,NP3 Fastigheter AB,5037586721.0,SE556749196301,SE,5567491963.0,lseg_taxid
SE0010820613,Viking Supply Ships AB,4295890288.0,SE556161011301,SE,5561610113.0,lseg_taxid
SE0010832204,Cibus Nordic Real Estate AB (publ),5061191629.0,SE559135059901,SE,5591350599.0,lseg_taxid
SE0010948588,BHG Group AB,5059058245.0,SE559077076301,SE,5590770763.0,lseg_taxid
SE0010948711,Ovzon AB (publ),5061034036.0,SE559079265001,SE,5590792650.0,lseg_taxid
SE0010949750,Mr Green & Co AB,5039187451.0,SE556883144901,SE,5568831449.0,lseg_taxid
SE0010985028,Green Landscaping Group AB (publ),5034837855.0,SE556771346501,SE,5567713465.0,lseg_taxid
SE0011036821,,,,,556658-0683,manual
SE0011062728,,,,,556529-3205,manual
SE0011088665,,,,,556051-4142,manual
SE0011089200,,,,,556532-6443,manual
SE0011089259,,,,,556090-4251,manual
SE0011090000,Holmen AB,4295890003.0,,SE,5560056383.0,name_matching
SE0011090018,Holmen AB,4295890003.0,,SE,5560056383.0,name_matching
SE0011090547,Beijer Alma AB,4295889864.0,SE556229748001,SE,5562297480.0,lseg_taxid
SE0011115963,Arriver Holdco Inc,5063729103.0,823720890,SE,559255-5149,manual
SE0011115971,,,,,556615-8266,manual
SE0011116508,,,,,556040-8113,manual
SE0011166610,,,,,5556976963,manual
SE0011166628,,,,,5556976963,manual
SE0011166933,,,,,5559220277,manual
SE0011166941,,,,,556625-6902,manual
SE0011166974,Fabege AB,4295889872.0,SE556049152301,SE,5560491523.0,lseg_taxid
SE0011167956,,,,,556733-0161,manual
SE0011204510,Nederman Holding AB,4295889927.0,SE556576420501,SE,5565764205.0,lseg_taxid
SE0011204858,,,,,556939-8752,manual
SE0011205194,,,,,556367-0230,manual
SE0011205202,Vitrolife AB,4295890048.0,SE556354345201,SE,5563543452.0,lseg_taxid
SE0011231158,Boule Diagnostics AB,4296027997.0,SE556535025201,SE,5565350252.0,lseg_taxid
SE0011256312,Eniro Group AB,4295890174.0,SE556588093601,SE,5565880936.0,lseg_taxid
SE0011309228,,,,,556230-7867,manual
SE0011309236,FastPartner AB,4295890062.0,SE556230786701,SE,5562307867.0,lseg_taxid
SE0011337666,Projektengagemang Sweden AB,5034803115.0,SE556330260201,SE,5563302602.0,lseg_taxid
SE0011337708,AAK AB (publ),4295890423.0,SE556669285001,SE,5566692850.0,lseg_taxid
SE0011426428,Nyfosa AB,5063645085.0,SE559131083301,SE,5591310833.0,lseg_taxid
SE0011452234,,,,,556064-8304,manual
SE0011527845,,,,,556729-0217,manual
SE0011844091,Samhallsbyggnadsbolaget I Norden AB,5044034256.0,SE556981766001,SE,5569817660.0,lseg_taxid
SE0011870195,Lime Technologies AB (publ),5052520814.0,SE556953261601,SE,5569532616.0,lseg_taxid
SE0012040459,Strax AB,4295890371.0,SE556539770901,SE,5565397709.0,lseg_taxid
SE0012116390,Viaplay Group AB (publ),5063734287.0,SE559124684701,SE,5591246847.0,lseg_taxid
SE0012141687,SkiStar AB,4295890132.0,SE556093694901,SE,5560936949.0,lseg_taxid
SE0012231074,VNV Global AB (publ),5000064507.0,,SE,556677-7917,manual
SE0012257970,Stockwik Forvaltning AB,4295889941.0,SE556294784501,SE,5562947845.0,lseg_taxid
SE0012323715,Karnov Group AB (publ),5053500601.0,SE559016901601,SE,5590169016.0,lseg_taxid
SE0012324226,Viaplay Group AB (publ),5063734287.0,SE559124684701,SE,5591246847.0,lseg_taxid
SE0012454072,Avanza Bank Holding AB,4295890061.0,,SE,556302-5921,manual
SE0012454379,,,,,556426-8093,manual
SE0012454619,HiQ International AB,4295890218.0,SE556529320501,SE,5565293205.0,lseg_taxid
SE0012455202,,,,,556615-8266,manual
SE0012455350,,,,,556658-0683,manual
SE0012455525,,,,,556053-4207,manual
SE0012455673,,,,,5560514142,manual
SE0012481364,John Mattson Fastighetsforetagen publ AB,5042961794.0,SE556802285801,SE,5568022858.0,lseg_taxid
SE0012673267,Evolution AB (publ),5045517379.0,SE556994579201,SE,5569945792.0,lseg_taxid
SE0012674232,,,,,556076-2055,manual
SE0012675361,IRLAB Therapeutics AB,5054560015.0,SE556931469201,SE,5569314692.0,lseg_taxid
SE0012676336,,,,,556057-3981,manual
SE0012729366,Troax Group AB (publ),5044199068.0,SE556916403001,SE,5569164030.0,lseg_taxid
SE0012827822,,,,,556984-0910,manual
SE0012853455,EQT AB,5042940248.0,SE556849418001,SE,5568494180.0,lseg_taxid
SE0012853661,,,,,556064-8304,manual
SE0013121340,,,,,556697-7426,manual
SE0013121589,,,,,5559172838,manual
SE0013256674,,,,,556047-9742,manual
SE0013256682,,,,,5556748025,manual
SE0013382355,,,,,556827-0390,manual
SE0013512506,FastPartner AB,4295890062.0,SE556230786701,SE,5562307867.0,lseg_taxid
SE0013512514,FastPartner AB,4295890062.0,SE556230786701,SE,5562307867.0,lseg_taxid
SE0013647385,BICO Group AB,5052139054.0,SE559050505201,SE,5590505052.0,lseg_taxid
SE0013719077,Qliro AB,5051007488.0,SE556962244101,SE,5569622441.0,lseg_taxid
SE0013720018,Electrolux Professional AB (publ),5070502631.0,SE556003035401,SE,5560030354.0,lseg_taxid
SE0013747870,Electrolux Professional AB (publ),5070502631.0,SE556003035401,SE,5560030354.0,lseg_taxid
SE0013748001,MQ Holding AB,4298356917.0,,SE,556697-2211,manual
SE0014186532,,,,,556090-4251,manual
SE0014186656,Evolution Services Sweden AB,4298052369.0,SE556532644301,SE,5565326443.0,lseg_taxid
SE0014399424,,,,,5560369190,manual
SE0014401378,AddLife AB,5050647517.0,SE556995812601,SE,5569958126.0,lseg_taxid
SE0014428835,VNV Global AB (publ),5000064507.0,,SE,5566777917,manual
SE0014453874,Wastbygg Gruppen AB (publ),5062976590.0,SE556878553801,SE,5568785538.0,lseg_taxid
SE0014504817,Loomis AB,4298116775.0,SE556620809501,SE,5566208095.0,lseg_taxid
SE0014556718,,,,,556578-2496,manual
SE0014609061,,,,,556064-8304,manual
SE0014684510,,,,,556047-9742,manual
SE0014684528,,,,,5556748025,manual
SE0014731089,Nordic Waterproofing Holding AB,5039603712.0,SE556839316801,SE,5568393168.0,lseg_taxid
SE0014781795,Addtech AB,4295890480.0,SE556302972601,SE,5563029726.0,lseg_taxid
SE0014808838,Nordic Paper Holding AB,5040706663.0,SE556914191301,SE,5569141913.0,lseg_taxid
SE0014855292,Readly International AB (publ),5050818159.0,SE556912955301,SE,5569129553.0,lseg_taxid
SE0014960365,Sweco AB (publ),4295890196.0,SE556542984101,SE,5565429841.0,lseg_taxid
SE0014960373,Sweco AB (publ),4295890196.0,SE556542984101,SE,5565429841.0,lseg_taxid
SE0014990966,Lagercrantz Group AB,4295890479.0,SE556282455601,SE,5562824556.0,lseg_taxid
SE0015192067,Nordnet AB (publ),5052150273.0,SE559073668101,SE,5590736681.0,lseg_taxid
SE0015195771,Fasadgruppen Group AB (publ),5076940436.0,SE559158412201,SE,5591584122.0,lseg_taxid
SE0015221684,Annehem Fastigheter AB (publ),5079225776.0,SE559220908301,SE,5592209083.0,lseg_taxid
SE0015244520,BioInvent International AB,4295889923.0,SE556537726301,SE,5565377263.0,lseg_taxid
SE0015245535,Nelly Group AB (publ),4298446374.0,SE556035694001,SE,5560356940.0,lseg_taxid
SE0015346135,Stillfront Group AB (publ),5040706235.0,SE556721307801,SE,5567213078.0,lseg_taxid
