isin,company_name,hq_country,last_price,avg_volume,last_date,market_cap_proxy
SE0000107419,,,138.5813,5229085.781159921,2020-12-30,724653505.3646573
SE0000242455,Swedbank AB,SE,107.9983,6224802.943823412,2020-12-30,672268135.767924
SE0011166610,,,97.1795,6795948.948107143,2020-12-30,660426920.8025781
SE0000667891,Sandvik AB,SE,176.8781,3332792.0351198413,2020-12-30,589497922.8671308
SE0012455673,,,238.0181,2178670.6907642856,2020-12-30,518563058.3414028
SE0000103699,,,102.7453,4959576.3049654765,2020-12-30,509573155.3265694
SE0007100599,Svenska Handelsbanken AB,SE,58.5427,7126197.407107143,2020-12-30,417186836.9450514
SE0000310336,,,61.2265,6337281.006955556,2020-12-30,388009535.57236433
SE0007439112,,,134.0,2856284.1666666665,2020-12-30,382742078.3333333
SE0014684528,,,207.75,1498296.4444444445,2020-12-30,311271086.3333334
SE0013256682,,,169.75,1826970.1851851852,2020-08-24,310128188.9351852
SE0011166628,,,84.2548,3133401.83571627,2020-12-30,264004144.9879072
SE0008321293,,,65.55,3790846.0576559524,2020-12-30,248489959.07934767
SE0001174970,Millicom International Cellular SA,LU,258.4173,960357.415497619,2020-12-30,248172970.34787285
SE0011166933,,,138.2878,1761534.6737277778,2020-12-30,243598754.6535322
SE0000382335,,,687.7541,329682.9156563492,2020-12-30,226740776.94260836
SE0000455057,,,71.4833,3004009.0,2020-12-30,214736476.5497
SE0013121589,,,98.3,2080390.992063492,2020-12-30,204502434.51984125
SE0007871645,Kindred Group PLC,MT,71.8159,2015072.0884599206,2020-12-30,144714215.5976288
SE0007704788,,,91.1947,1505937.5893524194,2020-12-22,137333526.67971706
SE0000112385,,,56.9974,2157644.4483194444,2020-12-30,122980123.6786427
SE0008374250,,,6.333,16493448.150598016,2020-12-30,104453007.13773723
SE0006370730,,,153.1293,609876.6089738095,2020-12-30,93389978.21853317
SE0011166941,,,127.2322,691314.3945670635,2020-12-30,87957451.31243555
SE0012455525,,,33.1,2526379.477532941,2020-05-05,83623160.70634034
SE0011115963,Arriver Holdco Inc,SE,178.2,468284.30555555556,2020-12-30,83448263.25
SE0000107401,,,138.3924,584004.187609127,2020-12-30,80821741.13327736
SE0002683557,,,192.9028,403452.88819145295,2020-06-22,77827191.80021821
SE0012454072,Avanza Bank Holding AB,SE,205.0614,376080.7465809524,2020-12-30,77119644.4069353
SE0012454379,,,50.3653,1400074.404704348,2020-06-17,70515167.41525589
SE0000375115,,,231.6567,293012.73987460317,2020-12-30,67878364.37730898
SE0011116508,,,111.2563,593381.0702888889,2020-12-30,66017382.370381705
SE0000489098,,,148.502,444431.0468815668,2020-11-09,65998899.32400644
SE0011205194,,,80.8395,770676.0015583333,2020-12-30,62301062.62797488
SE0005568136,,,108.8025,501294.1534124294,2020-09-14,54542057.12665585
SE0014186532,,,59.8505,765513.7190481751,2020-12-30,45816378.8418928
SE0000109811,,,74.7724,537249.8671587302,2020-12-30,40171461.96713944
SE0001966656,,,45.8716,872220.4461873017,2020-12-30,40010147.419325426
SE0000412371,,,98.4473,397263.59202420636,2020-12-30,39109528.02308465
SE0007074844,,,62.2706,525401.777988492,2020-12-30,32717083.956410192
SE0000191827,,,155.459,189744.59028452382,2020-12-30,29497504.26104179
SE0009664253,,,47.7102,594592.8961424603,2020-12-30,28368145.99353601
SE0012455202,,,36.8076,565384.4968810526,2020-05-19,20810446.407399032
SE0014609061,,,142.5337,138842.62078360654,2020-12-30,19789752.457984343
SE0007048020,Collector AB,SE,24.25,753199.8798194445,2020-12-30,18265097.08562153
SE0012853661,,,111.0539,163537.76645706806,2020-10-02,18161506.76234659
SE0010663310,,,45.5434,310228.1967047619,2020-12-30,14128846.853803651
SE0000470395,,,95.4513,146870.4110484127,2020-12-30,14018971.666105356
SE0009947534,,,85.75,162083.39682539683,2020-12-30,13898651.277777778
SE0004390516,,,87.8593,139363.83253531746,2020-12-30,12244408.771870218
SE0014428835,VNV Global AB (publ),SE,116.1074,104206.26545877862,2020-12-30,12099118.546128593
SE0007100607,Svenska Handelsbanken AB,SE,69.166,159843.84739166667,2020-12-30,11055759.548692016
SE0000426546,,,24.1665,455651.7639980159,2020-12-30,11011508.35465805
SE0014399424,,,38.1249,233723.08855732484,2020-12-30,8910669.378939154
SE0003652163,,,30.1422,280618.6521975904,2020-12-23,8458463.538270209
SE0002017657,,,11.5059,709722.6319488095,2020-12-30,8165997.630939808
SE0000567729,,,133.92,58504.261755952386,2020-12-30,7834890.734357143
SE0005677135,,,184.2506,41892.162232936505,2020-12-30,7718656.0267158905
SE0008008262,,,122.4449,59488.78393730159,2020-12-30,7284098.2003245
SE0007603493,,,56.7166,120044.21956891193,2020-10-06,6808499.98360215
SE0012231074,VNV Global AB (publ),SE,68.5161,88639.02133388429,2020-06-26,6073200.049614549
SE0002367797,,,15.1879,386783.05353174603,2020-12-30,5874422.338734806
SE0014684510,,,212.0,26799.022222222222,2020-12-30,5681392.711111111
SE0000472268,,,69.2026,79030.81386825397,2020-12-30,5469137.799799233
SE0013256674,,,170.75,30092.04938271605,2020-08-24,5138217.432098766
SE0002133975,,,60.8949,74284.82361190477,2020-12-30,4523566.9053645795
SE0000789711,,,44.5,100066.36762697095,2020-12-11,4452953.359400207
SE0007789409,,,8.4798,481925.5753730159,2020-12-30,4086632.4940480995
SE0005003654,,,136.3187,29185.399987698413,2020-12-30,3978515.7853030637
SE0009994429,,,18.2733,217012.60774484125,2020-12-30,3965536.4851038074
SE0000412991,,,84.1015,46034.109157539686,2020-12-30,3871537.631312824
SE0011527845,,,170.0,22704.43650793651,2020-12-30,3859754.2063492066
SE0013382355,,,44.4333,86428.45238095238,2020-12-30,3840301.353178572
SE0008321608,Investment Oresund AB,SE,99.9707,35718.4914218254,2020-12-30,3570802.5903838803
SE0007982814,,,81.3778,39517.03361919192,2020-05-26,3215809.258455876
SE0002579912,GHP Specialty Care AB,SE,25.5944,123482.2823123016,2020-12-30,3160454.926413972
SE0001915190,,,14.7017,160556.83494523808,2020-12-30,2360458.420314407
SE0007192018,VEF Ltd,BM,4.04,582554.7142857143,2020-12-30,2353521.0457142857
SE0000772956,,,41.5214,55437.12556269841,2020-12-30,2301827.065339026
SE0007184189,Genova Property Group AB,SE,73.9,28225.823076923076,2020-12-30,2085888.3253846155
SE0012676336,,,54.1904,35440.43210198412,2020-12-30,1920531.1917793602
SE0005095601,,,12.2022,155369.23246944445,2020-12-30,1895846.4484386551
SE0007331608,,,85.715,17271.225582539682,2020-12-30,1480403.100807389
SE0011167956,,,24.5822,57269.15969087302,2020-12-30,1407801.9373529789
SE0009189657,,,86.5,15833.6,2020-01-09,1369606.4000000001
SE0001823303,,,6.8227,200240.9229373016,2020-12-30,1366183.7449243276
SE0012455350,,,14.2929,95354.67963690477,2020-12-30,1362894.900582316
SE0004777241,TSR Noisiver 7 AB,SE,44.8,29564.375,2020-05-08,1324484.0
SE0002158568,,,28.4592,46402.93752738095,2020-12-30,1320590.47967924
SE0010413567,Arion banki hf,IS,4.9323,256399.53619444443,2020-12-30,1264639.4323718583
SE0000767188,,,4.2336,276258.56030674605,2020-12-30,1169568.24091464
SE0007526132,Genova Property Group AB,SE,121.9844,9291.54618531746,2020-12-30,1133423.686488239
SE0008375117,,,10.908,88359.57880634921,2020-12-30,963826.2856196571
SE0013121340,,,39.7963,22566.76820079365,2020-12-30,898073.8773492443
SE0009921471,,,33.4047,25560.001045634923,2020-12-30,853824.1669291209
SE0012674232,,,61.2563,13499.965865873017,2020-12-30,826957.9590696773
SE0001824103,,,1.1333,708344.9866119403,2020-07-15,802767.373327312
SE0001116021,,,53.2943,14913.154343253967,2020-12-30,794786.1215156799
SE0005876968,,,45.5116,16536.300511904763,2020-12-30,752593.4943776048
SE0005223674,,,9.8251,63245.650638095234,2020-12-30,621394.8420843495
SE0004633956,,,43.6,13610.691943127962,2020-12-30,593426.1687203791
SE0000273294,,,5.5835,104928.30516428572,2020-12-30,585867.1918847893
SE0000396822,,,0.8873,650768.7421365385,2020-12-30,577427.1048977505
SE0003303460,,,18.72,25967.66896551724,2020-02-12,486114.7630344827
SE0000680902,,,5.8217,83397.44742857142,2020-12-30,485514.91969491425
SE0000101297,,,26.4465,16922.40208253968,2020-12-30,447538.30667588563
SE0006992335,,,1873.317,227.56797689243027,2020-12-30,426306.9597681968
SE0000391716,Traction AB,SE,169.2884,2185.1896765873016,2020-12-30,369927.26404598175
SE0014556718,,,0.65,527227.7288135593,2020-12-30,342698.02372881357
SE0010023432,Mertiva AB,SE,52.4,5273.208530805688,2020-10-30,276316.127014218
SE0012827822,,,8.2039,29866.235233333337,2020-12-30,245019.6072307434
SE0000489080,,,146.086,1640.482833971292,2020-11-09,239651.57528353017
SE0000312043,Havsfrun Investment AB,SE,17.2875,12668.506486111111,2020-12-30,219006.80587864586
SE0008294334,,,111.5455,1837.5047821428573,2020-12-30,204965.3896765161
SE0013748001,MQ Holding AB,SE,4.53,35248.48648648649,2020-04-17,159675.6437837838
SE0000103806,,,150.9286,511.27746411290326,2020-12-30,77166.39187011073
SE0011204858,,,2.2797,28731.9204104,2020-12-30,65500.15895958888
SE0000412363,,,98.6486,617.7353776824034,2020-12-30,60938.73017884034
SE0010663302,,,49.9904,1121.9756207317073,2020-12-30,56088.01007062634
SE0008041248,,,4504.1503,7.371597872340426,2020-12-30,33202.7847681815
SE0000100042,,,,,,
SE0000100182,Linde Sverige AB,SE,,,,
SE0000100208,Linde Sverige AB,SE,,,,
SE0000100364,Allgon AB,SE,,,,
SE0000100505,Talisman Energy Sweden AB,SE,,,,
SE0000100844,Kappahl Molndal 2 AB,SE,,,,
SE0000101032,,,,,,
SE0000101057,Avesta Sheffield AB,SE,,,,
SE0000101891,Boras Wafveri AB,SE,,,,
SE0000101925,Bpa AB (Publ),SE,,,,
SE0000101941,Bpa AB (Publ),SE,,,,
SE0000102006,BRIO Leksaker AB,SE,,,,
SE0000102378,,,,,,
SE0000102642,Fazer Services AB,SE,,,,
SE0000102790,Kalmar Finland Oy,FI,,,,
SE0000103038,,,,,,
SE0000103046,AB Custos,SE,,,,
SE0000103780,Eldon AB,ES,,,,
SE0000103814,,,,,,
SE0000104416,Kinnevik Industriforvaltnings AB,,,,,
SE0000104564,Realia AB (Fusion),SE,,,,
SE0000104846,Folkebolagen AB,SE,,,,
SE0000105496,Graningeverkens AB,SE,,,,
SE0000106320,,,,,,
SE0000107476,Jacobson & Widmark AB,SE,,,,
SE0000107906,Klovern Forvaltnings AB,SE,,,,
SE0000108904,Emil Lundgren AB,SE,,,,
SE0000109084,Martinsson Gruppen Ab,SE,,,,
SE0000109142,,,,,,
SE0000109290,,,,,,
SE0000109514,Maldata AB,SE,,,,
SE0000109985,Kappahl Molndal 2 AB,SE,,,,
SE0000110116,,,,,,
SE0000110165,,,,,,
SE0000110835,Evidentia Fastigheter AB (Publ),SE,,,,
SE0000111189,,,,,,
SE0000112567,Sandblom & Stohne Ab Publ,SE,,,,
SE0000112609,,,,,,
SE0000112625,Sandvik AB,SE,,,,
SE0000112682,,,,,,
SE0000112906,,,,,,
SE0000113094,Forsakringsaktiebolaget Skandia (publ),SE,,,,
SE0000113201,,,,,,
SE0000113516,Spendrups Bryggeriaktiebolag,SE,,,,
SE0000113730,Stora Kopparbergs Bergslags AB,SE,,,,
SE0000113797,PostNord Stralfors Group AB,SE,,,,
SE0000114662,Tivox AB,SE,,,,
SE0000115008,,,,,,
SE0000115354,,,,,,
SE0000115404,CGI IT konsulter AB,SE,,,,
SE0000115503,Zeteco AB,SE,,,,
SE0000115578,,,,,,
SE0000115610,,,,,,
SE0000116329,Acrimo AB,SE,,,,
SE0000116634,Icb Shipping AB,SE,,,,
SE0000116642,Icb Shipping AB,SE,,,,
SE0000117822,Kappahl Molndal 2 AB,SE,,,,
SE0000118945,Stora Kopparbergs Bergslags AB,SE,,,,
SE0000119224,,,,,,
SE0000120222,Kinnevik Industriforvaltnings AB,,,,,
SE0000120727,Kjessler & Mannerstrale AB (Publ),SE,,,,
SE0000120818,Trygg-Hansa FAB (publ),SE,,,,
SE0000120859,Scandiaconsult AB,SE,,,,
SE0000121816,,,,,,
SE0000122467,,,,,,
SE0000123572,,,,,,
SE0000135287,,,,,,
SE0000135501,Solitair Kapital AB,SE,,,,
SE0000141160,Asg AB,SE,,,,
SE0000143521,,,,,,
SE0000147480,Alcatel Lucent SA,FR,,,,
SE0000147555,Compagnie de Saint Gobain SA,FR,,,,
SE0000152084,,,,,,
SE0000164477,,,,,,
SE0000164600,,,,,,
SE0000164626,Investment Kinnevik (A) Aktie,,,,,
SE0000166555,Trustor AB,SE,,,,
SE0000168304,Luxonen SA,LU,,,,
SE0000169070,Bayer AG,DE,,,,
SE0000169112,Marine Transport Corp,US,,,,
SE0000169195,Evidentia Fastigheter AB (Publ),SE,,,,
SE0000169658,International Petroleum Corp,CA,,,,
SE0000170110,,,,,,
SE0000170896,Linjebuss AB,SE,,,,
SE0000171506,,,,,,
SE0000189128,Narkes Elektriska AB,,,,,
SE0000189417,Svenska Handelsbanken AB,SE,,,,
SE0000189425,Svenska Handelsbanken AB,SE,,,,
SE0000189433,Svenska Handelsbanken AB,SE,,,,
SE0000190134,,,,,,
SE0000191298,Realia AB (Old),SE,,,,
SE0000192403,,,,,,
SE0000192874,Meroc Asset Management AB,SE,,,,
SE0000192882,Meroc Asset Management AB,SE,,,,
SE0000193120,,,,,,
SE0000193286,Realia AB (Old),SE,,,,
SE0000195802,Atle AB (Publ),SE,,,,
SE0000204794,Celsius Ab*,SE,,,,
SE0000205932,,,,,,
SE0000205940,,,,,,
SE0000211682,JP Nordiska AB,SE,,,,
SE0000224446,,,,,,
SE0000226607,Fastighets Gesimsen Gron AB,SE,,,,
SE0000227258,Akzo Nobel NV,NL,,,,
SE0000230963,,,,,,
SE0000232282,Matteus Fondkommission AB,SE,,,,
SE0000233082,,,,,,
SE0000233801,Verimation AB,SE,,,,
SE0000235574,Monark Stiga,SE,,,,
SE0000236515,,,,,,
SE0000237315,,,,,,
SE0000239733,Nordifagruppen AB,SE,,,,
SE0000239741,Nordifagruppen AB,SE,,,,
SE0000240772,Provobis Hotel & Restauranger AB,SE,,,,
SE0000241614,,,,,,
SE0000242711,,,,,,
SE0000254567,Klippan AB,SE,,,,
SE0000254880,B Tankers AB,SE,,,,
SE0000255648,,,,,,
SE0000257792,Fagerlid Industrier Ab,SE,,,,
SE0000259418,Intelligent Microsystems Data AB,SE,,,,
SE0000262982,Cardo AB,,,,,
SE0000264574,AB Segerstrom & Svensson,SE,,,,
SE0000265217,PA Resources AB,SE,,,,
SE0000267056,,,,,,
SE0000267494,Caran AB,SE,,,,
SE0000282071,Teligent Mobile Office AB,SE,,,,
SE0000289928,,,,,,
SE0000290728,Plm AB,SE,,,,
SE0000291486,Cision AB,,,,,
SE0000293003,Prifast AB,SE,,,,
SE0000308017,,,,,,
SE0000308272,Scania AB,SE,,,,
SE0000308280,Scania AB,SE,,,,
SE0000310690,,,,,,
SE0000311359,Dahl International AB,SE,,,,
SE0000311417,,,,,,
SE0000314304,,,,,,
SE0000314312,,,,,,
SE0000314502,,,,,,
SE0000316150,Ferator Engineering AB,SE,,,,
SE0000325532,Enator AB,SE,,,,
SE0000325870,Diffchamb Sverige AB,SE,,,,
SE0000331225,,,,,,
SE0000337917,,,,,,
SE0000339137,Peak Performance,SE,,,,
SE0000345902,Softronic 1 AB,SE,,,,
SE0000347486,Karlshamns AB,SE,,,,
SE0000350340,Gylling Optima Batteries AB,SE,,,,
SE0000352809,Scanmining AB,,,,,
SE0000353351,Biacore International AB,SE,,,,
SE0000362675,NovaCast Technologies AB,,,,,
SE0000364283,Alfaskop AB,,,,,
SE0000367823,Vostok Gas Ltd,BM,,,,
SE0000371296,Nordnet AB (Pre-Merger),SE,,,,
SE0000373128,,,,,,
SE0000374704,Pronyx AB,SE,,,,
SE0000378127,Braathens Travel Group AB,SE,,,,
SE0000379075,SakI AB,,,,,
SE0000379844,,,,,,
SE0000381782,,,,,,
SE0000381790,Cision AB,,,,,
SE0000383259,Handelsbanken Hypotek AB,SE,,,,
SE0000383457,Scandinavian PC Systems AB,SE,,,,
SE0000383473,Riddarhyttan Resources AB,,,,,
SE0000383499,LGP Allgon Holding AB,,,,,
SE0000383531,North Atlantic Natural Resources AB,SE,,,,
SE0000386104,Decerno City AB,SE,,,,
SE0000387607,Check Point Holding AB,SE,,,,
SE0000388910,Louis Gibeck AB,SE,,,,
SE0000388969,Gorthon Lines AB,SE,,,,
SE0000390296,,,,,,
SE0000393845,Vision Park Entertainment AB,SE,,,,
SE0000393936,,,,,,
SE0000394546,Prosolvia AB,SE,,,,
SE0000394702,,,,,,
SE0000394736,,,,,,
SE0000395105,,,,,,
SE0000395170,Medicover Holding AB,SE,,,,
SE0000396715,Vision Park Interactive Media AB,US,,,,
SE0000401622,,,,,,
SE0000402448,,,,,,
SE0000402497,Decim AB,SE,,,,
SE0000408189,,,,,,
SE0000410698,Dial Nxt Group AB,SE,,,,
SE0000413221,Artimplant AB,SE,,,,
SE0000413783,Wilkenson Handskmakar N AB,SE,,,,
SE0000416588,Liljeholmens Stearinfabriks Ab,SE,,,,
SE0000416596,Liljeholmens Stearinfabriks Ab,SE,,,,
SE0000422107,,,,,,
SE0000426652,,,,,,
SE0000427254,Guide Konsult AB,SE,,,,
SE0000427361,Nordea Bank Abp,FI,,,,
SE0000428179,,,,,,
SE0000430894,PWT Pure Water Technology AB,SE,,,,
SE0000431009,Fb Industri Holding AB,SE,,,,
SE0000431058,,,,,,
SE0000433914,Technology Nexus AB,SE,,,,
SE0000434102,TDC Nordic AB,SE,,,,
SE0000434342,Teligent AB,,,,,
SE0000437402,,,,,,
SE0000442121,,,,,,
SE0000442931,M2s Sverige AB,SE,,,,
SE0000445934,Affarsstrategerna AB,SE,,,,
SE0000449068,A Brand New World in Sweden AB,SE,,,,
SE0000452682,Asticus AB,,,,,
SE0000454886,Sodra Petroleum AB,SE,,,,
SE0000459067,Kipling Holding AB,SE,,,,
SE0000459323,All Cards Service Center ACSC AB,SE,,,,
SE0000461709,,,,,,
SE0000468571,,,,,,
SE0000469769,Fastighets AB Balder,SE,,,,
SE0000469959,,,,,,
SE0000470817,Tryckinvest I Norden AB,,,,,
SE0000476962,Lb Icon AB,SE,,,,
SE0000477192,Artika Time Media Group AB,SE,,,,
SE0000478059,Societe Europeenne de Communication SA,LU,,,,
SE0000478067,Societe Europeenne de Communication SA,LU,,,,
SE0000479495,Fortum Power and Heat AB,SE,,,,
SE0000484305,Rks AB,SE,,,,
SE0000488850,,,,,,
SE0000495293,,,,,,
SE0000507774,Novada AB (publ),SE,,,,
SE0000514325,Zapp AB,SE,,,,
SE0000514440,Cash Guard AB,SE,,,,
SE0000514481,Im Maklarna AB,SE,,,,
SE0000514515,Estinvest,SE,,,,
SE0000514630,,,,,,
SE0000514689,,,,,,
SE0000520769,,,,,,
SE0000523441,Castcom AB (publ),SE,,,,
SE0000533440,Zeunerts i Norrland AB,SE,,,,
SE0000535593,Skanditek Industriforvaltning AB,SE,,,,
SE0000538258,Entra Data AB,SE,,,,
SE0000538852,,,,,,
SE0000540551,,,,,,
SE0000545311,Frango AB,SE,,,,
SE0000547929,,,,,,
SE0000556292,,,,,,
SE0000558173,Netwise AB,SE,,,,
SE0000558470,,,,,,
SE0000564155,Tpc Security AB,SE,,,,
SE0000571275,Skribo Font AB (publ),SE,,,,
SE0000571416,,,,,,
SE0000579591,Autofill AB,SE,,,,
SE0000585960,Connecta AB,SE,,,,
SE0000588147,Nordea Bank AB,SE,,,,
SE0000590416,Perbio Science AB,SE,,,,
SE0000592339,,,,,,
SE0000592677,,,,,,
SE0000594038,Net Capital B,SE,,,,
SE0000601544,Friluftsbolaget Ekelund & Sagner AB,SE,,,,
SE0000610354,,,,,,
SE0000615858,Jotunfjell Partners AB,SE,,,,
SE0000619181,CareDx International AB,SE,,,,
SE0000619496,Eplay,SE,,,,
SE0000625568,Abb Ltd,CH,,,,
SE0000628984,Reguard AB,SE,,,,
SE0000634040,Pharmacia LLC,US,,,,
SE0000635401,,,,,,
SE0000640369,Vision Park Entertainment AB,SE,,,,
SE0000641151,Svithoid Tankers AB,,,,,
SE0000653404,Bluemarx AB,SE,,,,
SE0000653495,Nordic Holding Sverige AB (publ),SE,,,,
SE0000653628,Gamers Paradise Holding AB,SE,,,,
SE0000667875,,,,,,
SE0000670580,,,,,,
SE0000671810,Decerno City AB,SE,,,,
SE0000672040,Coldator FreshCool International AB,SE,,,,
SE0000672115,,,,,,
SE0000673907,Scandinavia Online AB,SE,,,,
SE0000684664,Turkronan B,SE,,,,
SE0000689986,Johnson Pump International AB,SE,,,,
SE0000695645,Jobline International AB,SE,,,,
SE0000696841,Metro International SA,LU,,,,
SE0000696858,Metro International SA,LU,,,,
SE0000702177,AB Custos,SE,,,,
SE0000706913,BTN Forvaltning AB,SE,,,,
SE0000708620,Audiodev AB,SE,,,,
SE0000718017,,,,,,
SE0000731770,Ludvika Mining AB,SE,,,,
SE0000739286,Alliance Oil Company Ltd,BM,,,,
SE0000769044,Cellpoint Inc,SE,,,,
SE0000795411,Renewable Energy In Sweden,SE,,,,
SE0000805574,,,,,,
SE0000808370,,,,,,
SE0000808396,,,,,,
SE0000809741,Epsilon AB,SE,,,,
SE0000809881,Declam AB,,,,,
SE0000816043,,,,,,
SE0000818569,,,,,,
SE0000869646,,,,,,
SE0000891798,,,,,,
SE0000901779,Vostok Energo Investment Sdb,SE,,,,
SE0000950636,,,,,,
SE0000957987,,,,,,
SE0000961724,Connecta AB,SE,,,,
SE0001104209,,,,,,
SE0001105487,Brinova Fastigheter AB,SE,,,,
SE0001121617,,,,,,
SE0001124421,Altima AB,SE,,,,
SE0001134529,Lundin Mining Corp,CA,,,,
SE0001134537,Tanganyika Oil Co Ltd,CA,,,,
SE0001159344,,,,,,
SE0001161530,Acando Solutions AB,SE,,,,
SE0001174889,Oriflame Cosmetics SA,LU,,,,
SE0001176298,,,,,,
SE0001180423,,,,,,
SE0001192485,,,,,,
SE0001198714,,,,,,
SE0001207606,Ainax AB,,,,,
SE0001289190,,,,,,
SE0001336983,Bostads Drott AB,,,,,
SE0001413600,,,,,,
SE0001493693,Bryggpipan AB,SE,,,,
SE0001493776,,,,,,
SE0001511031,,,,,,
SE0001582651,,,,,,
SE0001630880,,,,,,
SE0001672809,,,,,,
SE0001739053,Franco Frankerings Intressenter AB,SE,,,,
SE0001775479,,,,,,
SE0001789306,,,,,,
SE0001803131,,,,,,
SE0001835588,,,,,,
SE0001852211,,,,,,
SE0001882291,,,,,,
SE0001956301,,,,,,
SE0001989252,,,,,,
SE0001991670,,,,,,
SE0002000083,,,,,,
SE0002026179,,,,,,
SE0002056721,,,,,,
SE0002060863,BlackPearl Resources Inc (Pre-Reincorporation),CA,,,,
SE0002084343,,,,,,
SE0002105601,,,,,,
SE0002109330,,,,,,
SE0002136242,,,,,,
SE0002174490,AB Custos,SE,,,,
SE0002253385,,,,,,
SE0002257402,,,,,,
SE0002452623,,,,,,
SE0002469312,Ricoh Sverige Holding AB,SE,,,,
SE0002583195,Telelogic AB,,,,,
SE0002591651,,,,,,
SE0002591743,,,,,,
SE0002687749,Swedbank AB,SE,,,,
SE0002727180,SalusAnsvar AB,SE,,,,
SE0003208792,,,,,,
SE0003421544,,,,,,
SE0003613090,,,,,,
SE0003689983,,,,,,
SE0003949973,Fastighets AB Balder,SE,,,,
SE0004949691,Alliance Oil Company Ltd (Pre-Merger),RU,,,,
SE0005096369,Oscar Properties Holding AB,SE,,,,
SE0005126729,PA Resources AB,SE,,,,
SE0005127875,,,,,,
SE0005137031,,,,,,
SE0005188349,,,,,,
SE0005188471,,,,,,
SE0005189347,,,,,,
SE0005191426,,,,,,
SE0005191475,,,,,,
SE0005191806,,,,,,
SE0005217320,,,,,,
SE0005217379,,,,,,
SE0005223773,,,,,,
SE0005392529,,,,,,
SE0005397106,,,,,,
SE0005498557,,,,,,
SE0005704129,,,,,,
SE0005731171,Hemfosa Fastigheter,,,,,
SE0005849437,,,,,,
SE0005851268,,,,,,
SE0005851748,,,,,,
SE0005876943,,,,,,
SE0005877271,,,,,,
SE0005935558,,,,,,
SE0005936911,,,,,,
SE0005992567,,,,,,
SE0006055257,,,,,,
SE0006168530,,,,,,
SE0006425401,,,,,,
SE0006425419,,,,,,
SE0006425484,,,,,,
SE0006543740,,,,,,
SE0006732392,,,,,,
SE0006826046,,,,,,
SE0006886727,,,,,,
SE0006886750,,,,,,
SE0006886768,,,,,,
SE0006963682,,,,,,
SE0006964508,,,,,,
SE0006965240,,,,,,
SE0006993986,,,,,,
SE0007047717,,,,,,
SE0007048012,,,,,,
SE0007074828,,,,,,
SE0007278965,,,,,,
SE0007306162,,,,,,
SE0007306188,,,,,,
SE0008008254,,,,,,
SE0008212971,,,,,,
SE0008242002,,,,,,
SE0008242358,,,,,,
SE0008373898,,,,,,
SE0008373906,,,,,,
SE0008613970,,,,,,
SE0009161185,,,,,,
SE0009241706,,,,,,
SE0009242225,,,,,,
SE0009696883,,,,,,
SE0009697246,,,,,,
SE0009773237,,,,,,
SE0009806896,,,,,,
SE0009973449,,,,,,
SE0010133819,,,,,,
SE0010219774,Black Earth Farming Ltd,JE,,,,
SE0010494476,,,,,,
SE0010494856,,,,,,
SE0010494864,,,,,,
SE0011036821,,,,,,
SE0011062728,,,,,,
SE0011088665,,,,,,
SE0011089200,,,,,,
SE0011089259,,,,,,
SE0011115971,,,,,,
SE0011309228,,,,,,
SE0011452234,,,,,,
