date,rm,rf,rm_rf,smb_ew,hml_ew,mom_ew,smb_vw,hml_vw,mom_vw,rolling_vol_daily,rolling_vol_annualized,rolling_vol_annualized_pct,month,value,inflation_yoy
1997-01-01,0.0704532557376619,0.0031947222222222,0.0672585335154397,0.0178936341219201,0.0012702838303152,0.0163514820644156,0.0287845603590389,0.0109832296206026,0.0352477361222013,0.032727638732407964,0.11337186619257936,11.34,1997M01,154.38,1.1797090051120618
1997-02-01,0.0455769254755061,0.0030022222222222,0.0425747032532839,-0.0075010437350815,0.0509933575511211,-0.028581718739358,-0.0042799965350405,0.0666002002792492,-0.0498419107640953,0.032379012577683254,0.11216418976691822,11.22,1997M02,154.42,1.0205416721182692
1997-03-01,0.0376259218645931,0.0035219444444444,0.0341039774201486,-0.0278862374317657,0.0233763018369745,-0.052961718922478,-0.0412716413635245,0.003081246326264,-0.0475441860612421,0.031862632245882684,0.1103753958255025,11.04,1997M03,155.15,0.9565330557001595
1997-04-01,-0.0223084048489055,0.0033416666666666,-0.0256500715155721,-0.0105651151479315,0.0046609378040505,-0.0167468277723197,-0.0099543339271408,0.0150930187046829,-0.0222535343266897,0.035870329225641935,0.12425846540606922,12.43,1997M04,156.03,1.1277464514874547
1997-05-01,0.0645037520258402,0.0035133333333333,0.0609904186925068,-0.0152818461980558,-0.0047295760385084,0.0135397316446187,-0.0318468451331286,-0.005557002242195,0.0097420972529407,0.03713908359938267,0.1286535594813576,12.87,1997M05,156.18,1.218405703175618
1997-06-01,0.0668890134202498,0.003375,0.0635140134202498,-0.0684895465930838,0.0033399385245302,0.0221737147327481,-0.0650881823270524,-0.0259155388443452,-0.0076937716105866,0.037209978713686385,0.12889914736132246,12.89,1997M06,156.47,1.6831297114634713
1997-07-01,0.0564774734269856,0.0035305555555555,0.05294691787143,-0.0313662941621169,0.0022119764879403,0.0192124606611472,-0.0195916357826358,0.0067857410892655,0.0473657230586702,0.027266187344274627,0.09445284361795034,9.45,1997M07,156.29,1.685100845803511
1997-08-01,-0.0482271007759201,0.003565,-0.0517921007759201,0.0742769914541154,0.0230274043897688,-0.0114164238861448,0.0596756044626118,0.0330842035377852,-0.0439447077510121,0.038398792338875186,0.13301731856043675,13.3,1997M08,156.51,2.207274864494213
1997-09-01,0.0677747430763419,0.0033583333333333,0.0644164097430086,0.020070030836699,-0.0108109327229668,0.0688574151991815,0.0015900614802649,-0.0121858045054637,0.0464294874789716,0.039362491178730946,0.13635566926808748,13.64,1997M09,158.09,2.5426477265356517
1997-10-01,-0.112190642896175,0.0035563888888888,-0.115747031785064,0.0102612742278789,-0.0393052714194516,-0.0018777241643688,0.0312667996952266,0.0066514420291915,0.0111400874551355,0.059079591542855296,0.20465770848528383,20.47,1997M10,158.28,2.506314357878381
1997-11-01,0.0492101444439535,0.0034583333333333,0.0457518111106202,-0.034975040628965,-0.0404408922302946,0.0204670432514409,-0.0273017017091257,-0.0222931030448137,-0.109600324029922,0.057211607256193314,0.19818682110080613,19.82,1997M11,158.16,2.534846029173421
1997-12-01,-0.0081570624194413,0.0037458333333333,-0.0119028957527747,0.0066214775074316,-0.0281776019625981,0.0482713761275789,0.0208030641871178,0.0068228525183557,-0.0242066241109323,0.05792227072754844,0.20064863157974683,20.06,1997M12,158.14,2.5418233692128034
1998-01-01,0.0347660692459989,0.0037372222222222,0.0310288470237767,-0.0184994872223221,0.0088380827472707,-0.0332473020151682,-0.0154303434583426,0.0141341169213609,0.0122852394396818,0.05608600362969264,0.19428761576024023,19.43,1998M01,157.28,1.8784816686099326
1998-02-01,0.0757639355853604,0.0032511111111111,0.0725128244742493,-0.0176457130041462,-0.0093981220820316,0.0407578999910354,-0.0305549893449859,-0.0199696536896678,0.0703705263416308,0.05801538838987096,0.20097120062419613,20.1,1998M02,157.19,1.793809092086529
1998-03-01,0.0667871522991365,0.0038405555555555,0.0629465967435809,-0.0271467583524937,-0.0254724510719174,0.044473227739239,-0.0035571233954646,0.0075032981490825,0.0507142098110253,0.05931051671118535,0.20545765673387192,20.55,1998M03,157.55,1.5468901063486973
1998-04-01,0.0268287967798026,0.0036666666666666,0.0231621301131359,-0.0298245668951263,-0.0395653911393711,0.151925240846429,-0.0086315024481552,-0.0367380392052067,0.154289770227249,0.05748460855096144,0.1991325253269471,19.91,1998M04,158.1,1.3266679484714494
1998-05-01,0.0402624735355238,0.0038836111111111,0.0363788624244127,-0.0044915338082995,-0.0642263747559989,0.114207097319015,-0.0165414608371799,-0.0501725472410425,0.0992830969385703,0.05650749240549977,0.19574769570927614,19.57,1998M05,158.49,1.4790626200537949
1998-06-01,0.0092111794710402,0.0035666666666666,0.0056445128043736,-0.0030666611942185,-0.0332168008776466,0.0534233198447053,-0.003418055982559,-0.0348702285868661,0.0755920665675445,0.055167489053136,0.19110578793206282,19.11,1998M06,158.29,1.1631622675273068
1998-07-01,-0.0044845912441934,0.0035822222222222,-0.0080668134664157,0.012122064434612,-0.0680220605692821,0.142684098860783,0.0140411610594013,-0.0368993710191512,0.174603476000192,0.05445540090911308,0.18863904224223255,18.86,1998M07,158.06,1.1325100774201902
1998-08-01,-0.144304646798472,0.0035994444444444,-0.147904091242916,-0.0115632339189691,-0.0063644731289327,0.0130836652335866,-0.0181195121008725,0.005789679334409,0.0637555446412662,0.06974949609703626,0.2416193420847878,24.16,1998M08,157.4,0.568653760143123
1998-09-01,-0.103158715468398,0.0035,-0.106658715468398,0.0066827214433783,0.0279477467006387,-0.019637671626707,0.0370994373236042,0.0478982184503482,-0.0148386762957141,0.07383191141060488,0.25576124356618396,25.58,1998M09,158.11,0.0126510215699982
1998-10-01,0.0442110847339132,0.0036511111111111,0.0405599736228021,-0.0657360445638126,-0.0340015105234481,0.0377873763236448,-0.0678381301239474,0.0005262618105587,0.0070334084902166,0.06682023793026132,0.23147209413810726,23.15,1998M10,158.49,0.13267626990145498
1998-11-01,0.123017840366418,0.0032916666666666,0.119726173699752,0.0584545381247963,-0.0652921252020564,0.0044591791199769,0.0121058267204641,-0.104498017056485,0.101506102349488,0.07407843646348292,0.2566152314000307,25.66,1998M11,158.25,0.05690440060697188
1998-12-01,-0.0139412416802232,0.0031344444444444,-0.0170756861246677,0.0025786441590013,-0.0263917300664338,0.027754665323231,0.0149370497619774,-0.0167632445112309,0.0688781569627309,0.07423100947547798,0.2571437598173092,25.71,1998M12,158.19,0.03161755406602129
1999-01-01,0.0239834331749279,0.0029794444444444,0.0210039887304834,-0.0152583821412856,0.0136312975760953,-0.0105004517928165,-0.0486172027811358,0.0373820493084429,-0.0081261517067861,0.0740210227666175,0.2564163445199882,25.64,1999M01,158.39,0.7057477110884891
1999-02-01,0.0147036651162285,0.0024422222222222,0.0122614428940063,-0.0082960211142856,0.0743784636311705,-0.120741256319832,0.0097727765144906,0.0660038815607339,-0.0336382926283854,0.07127827973920137,0.24691520396880812,24.69,1999M02,158.47,0.8143011641962072
1999-03-01,0.0263827642369599,0.0027727777777777,0.0236099864591821,-0.0412010800835786,0.0803079329863395,-0.126274121242865,-0.0526396362932567,0.102890109876938,-0.177685183761534,0.06916906119518029,0.23960865660378622,23.96,1999M03,159.23,1.066328149793705
1999-04-01,0.0618784669103015,0.0024,0.0594784669103015,-0.0265548312529388,0.0590877268391298,-0.0730657855353753,-0.0310412332163827,0.0523290143131973,-0.0390948975608586,0.0710334471919679,0.2460670791464984,24.61,1999M04,159.78,1.0626185958254375
1999-05-01,-0.0002773870805385,0.0024584722222222,-0.0027358593027608,0.0443650857081668,-0.0087305424782542,-0.0337016881386667,0.0465254771941813,-0.0238858351449399,-0.0457802959263039,0.07026818488331402,0.24341613274708643,24.34,1999M05,160.22,1.0915515174458879
1999-06-01,0.0552322623792764,0.0024666666666666,0.0527655957126098,-0.0423468214125837,-0.0193390743548448,0.0970660362658638,-0.0723271079215342,-0.018586128921761,0.111294376126541,0.0719105128387968,0.24910532367026023,24.91,1999M06,160.51,1.402489102280624
1999-07-01,-0.0061652872983701,0.0025144444444444,-0.0086797317428145,-0.0094950060399543,-0.0069349181945783,0.0686723987857597,-0.0311265794309741,-0.0025979706232498,0.102519913856716,0.07192001298469815,0.24913823314102113,24.91,1999M07,159.88,1.1514614703277193
1999-08-01,0.0191062853834288,0.0025661111111111,0.0165401742723177,-0.007754077922421,0.0020902908468489,0.0115599848105071,-0.0032222905004783,0.0024296947237943,0.0184681148218322,0.05374304250355811,0.18617136033899262,18.62,1999M08,159.96,1.6264294790343081
1999-09-01,-0.0011757999914062,0.0024666666666666,-0.0036424666580729,0.0565438582771502,-0.0019916719181455,-0.107345657242253,0.0425736308426366,-0.0158913892124832,-0.0692445966011986,0.0380251737369043,0.1317230657579039,13.17,1999M09,161.14,1.9163873252798558
1999-10-01,0.0809234241501955,0.0026866666666666,0.0782367574835288,-0.0060564742493357,-0.0408185626339558,0.0660007665889346,-0.0661826065898549,-0.0972905531136455,0.0188810934676024,0.040778854208369936,0.1412620947266813,14.13,1999M10,161.36,1.8108398006183357
1999-11-01,0.117943968255782,0.0026166666666666,0.115327301589116,0.148652679303933,-0.131034715034344,0.136568402148841,0.074843751212697,-0.200271298952983,0.0209464946882594,0.03990235147286284,0.13822580018493852,13.82,1999M11,160.97,1.718799368088475
1999-12-01,0.162368939654696,0.0028588888888888,0.159510050765807,0.0784081744050334,-0.163348539146356,0.0365364207325187,0.0663391572951213,-0.272293752043173,0.0937518318948807,0.052094597686901924,0.18046097998714847,18.05,1999M12,161.34,1.9912763132941436
2000-01-01,0.0222162911091843,0.0029105555555555,0.0193057355536287,0.229899283520215,-0.0919447080444865,-0.257536299249511,0.0786353807295832,-0.140325502438133,0.0925741894581767,0.05216394092055244,0.1807011919948361,18.07,2000M01,159.91,0.9596565439737414
2000-02-01,0.157799287664003,0.0027952777777777,0.155004009886225,0.042433532810848,-0.206682707204675,0.167774207778813,0.0420194874943679,-0.255982946519803,0.172965464995226,0.060069447564562485,0.20808667032883355,20.81,2000M02,160.55,1.312551271534046
2000-03-01,-0.0378586869377902,0.0034013888888888,-0.041260075826679,0.0665304391868762,0.114850272374874,-0.157203668829846,0.0066407755615969,0.144295117411295,-0.237694166077582,0.06583225746069929,0.2280496293977729,22.8,2000M03,161.25,1.2686051623437944
2000-04-01,0.0186460420477859,0.0031916666666666,0.0154543753811192,-0.0289183233152861,0.0887431248362227,-0.117923128043184,-0.0256578418212986,0.0037079730492951,-0.104950576963582,0.06647876983927557,0.23028921397260554,23.03,2000M04,161.15,0.8574289648266342
2000-05-01,-0.0277673552091138,0.00341,-0.0311773552091138,-0.0443835728019076,0.0675008639565062,-0.0665150029218807,-0.0123331752034605,0.060747809569086,-0.0810403249766981,0.06885134255049837,0.23850804693358418,23.85,2000M05,162.0,1.1109724129322096
2000-06-01,-0.0470631856197244,0.0031666666666666,-0.0502298522863911,-0.0480465630425087,0.109380718147832,-0.139672310004649,-0.0699057343310016,0.0857562542161429,-0.104659486883235,0.07388777574821125,0.2559547633083148,25.6,2000M06,162.02,0.94075135505578
2000-07-01,0.008618757948091,0.0033583333333333,0.0052604246147577,-0.0286920703716094,0.0292487192753428,-0.0093662837551507,-0.0233638752183464,0.0130060092096178,0.0171432440720012,0.07323906669357173,0.25370756922438353,25.37,2000M07,161.27,0.8694020515386702
2000-08-01,0.0184908788313306,0.0034013888888888,0.0150894899424417,0.0188021296730701,-0.0559748523202461,0.0551943366396655,-0.0418124833520558,0.026696741431137,0.0671967497726395,0.07327624523974527,0.2538363594862318,25.38,2000M08,161.41,0.9064766191547724
2000-09-01,-0.0824433265690024,0.0031833333333333,-0.0856266599023357,0.0255811140135969,0.0831994652134348,-0.115596731859591,0.111430173900856,0.104243244330992,-0.0983684306428162,0.08078678432549108,0.27985363006371905,27.99,2000M09,162.61,0.9122502172024483
2000-10-01,-0.0319535842597382,0.0034186111111111,-0.0353721953708493,-0.0610399681754907,0.131843597696758,-0.0573318201537245,-0.0110441094605641,0.0966238665801986,-0.0549926578985922,0.08122137462274122,0.28135909501434647,28.14,2000M10,162.98,1.003966286564184
2000-11-01,-0.0692512337683,0.0031583333333333,-0.0724095671016334,-0.0309195068858649,0.127276164776988,-0.0879990538094912,-0.0755284254058696,0.198031063968527,-0.0860180909252916,0.07927018399003277,0.27459997239213946,27.46,2000M11,163.13,1.341864943778348
2000-12-01,-0.0226930156912791,0.0034788888888888,-0.026171904580168,-0.108470391649201,0.0482062788013074,-0.122399922176372,-0.0447159636160419,0.0148730201451914,0.0766918056353602,0.06262943495315676,0.21695472677639527,21.7,2000M12,162.93,0.9854964670881428
2001-01-01,0.0547564062643056,0.0035391666666666,0.0512172395976389,0.165308658505476,-0.0039048697372121,-0.447672278363892,0.0162265898651189,-0.0034389273678671,-0.192694736591628,0.0646777347283961,0.22405024533608814,22.41,2001M01,162.31,1.5008442248765075
2001-02-01,-0.107883703913967,0.0030255555555555,-0.110909259469522,-0.0748915513474008,0.205144623467008,0.248806449321945,-0.0487633818677294,0.207256182680229,0.276967982443998,0.04666681239034862,0.16165858017473725,16.17,2001M02,162.88,1.4512612893179622
2001-03-01,-0.129533374618797,0.0035477777777777,-0.133081152396575,-0.0221029118323688,0.0510726089728791,0.0971744503345932,0.0490258014878288,0.101706634914664,0.198393964813805,0.05531575073362458,0.19161938145890633,19.16,2001M03,164.1,1.7674418604651132
2001-04-01,0.122261002360838,0.003325,0.118936002360838,-0.0697057434559434,-0.0011622096897958,0.0178567795755433,-0.061833448894756,-0.009023363360605,-0.0124612085005374,0.0704344087309985,0.24399194904632465,24.4,2001M04,165.56,2.7365808253180246
2001-05-01,0.0078694233806397,0.0034788888888888,0.0043905344917508,0.0025569789794926,0.0544388669963572,0.0403268150141648,0.0456872737845298,0.0467940841433664,0.0627112682281936,0.0711044121638555,0.24631290902023245,24.63,2001M05,166.74,2.925925925925932
2001-06-01,-0.053786205146975,0.0033416666666666,-0.0571278718136416,-0.0395119984086978,0.0442523520009845,0.277980234364578,-0.0544201352256516,0.0607465692187276,0.217422438799561,0.07134051794329338,0.24713080343212654,24.71,2001M06,166.49,2.758918652018272
2001-07-01,-0.0199186587597225,0.0036597222222222,-0.0235783809819447,-0.0125024254177824,0.0367217904490958,-0.00462270687775,-0.0528910840314225,0.0320825374533106,0.116404174671442,0.0706316664141963,0.24467526970528847,24.47,2001M07,165.55,2.65393439573387
2001-08-01,-0.0771579079112801,0.0036597222222222,-0.0808176301335023,-0.0350930771059097,-0.0013401882826412,0.121859865255711,-0.0385568133073701,0.0396165044931661,0.094109752399813,0.07054697182810535,0.24438187905281739,24.44,2001M08,165.96,2.8189083699894812
2001-09-01,-0.115902472027151,0.00355,-0.119452472027151,-0.0158684345478863,0.0150610657958852,-0.0472835507480082,-0.0371506564104078,0.0099988842050401,0.228376091269145,0.07326614348398833,0.2538013659777984,25.38,2001M09,167.34,2.9088001967898514
2001-10-01,0.0689939807626168,0.0031947222222222,0.0657992585403946,0.0101934708914589,0.0202696543652579,-0.128344079043343,0.0278128853274959,-0.0273522968489654,-0.136679686285782,0.0794527297994744,0.27523232962546285,27.52,2001M10,167.22,2.601546201987981
2001-11-01,0.117881463063739,0.003075,0.114806463063739,0.100917518022497,0.0657284864316929,-0.257549239065717,0.0666743404356974,-0.0264580458522003,-0.346198410901139,0.08863289126094001,0.3070333417713513,30.7,2001M11,167.31,2.562373567093723
2001-12-01,0.0165819897538529,0.0032119444444444,0.0133700453094085,-0.0485651702479509,-0.030355000340034,0.0601551183854939,-0.0035720527864623,-0.029209232598259,0.102428508605066,0.08896823144112707,0.3081949942311578,30.82,2001M12,167.46,2.7803351132388077
2002-01-01,-0.0592954579046629,0.0032119444444444,-0.0625074023491073,0.0051416942451424,0.0418053007196482,0.0010461087044432,0.075927923371003,0.0807204404595735,0.0258269254900034,0.08754722676279655,0.3032724896298348,30.33,2002M01,167.03,2.9080155258456086
2002-02-01,0.0070158187186358,0.00294,0.0040758187186358,-0.03743981614713,0.007293812142202,-0.0477079233185375,-0.0264566297780396,0.0075774081653616,0.12869374559768,0.083176296526253,0.2881311431377698,28.81,2002M02,167.45,2.8057465618860578
2002-03-01,0.0272965632640012,0.0033325,0.0239640632640012,-0.0075216673019247,-0.0266271316347459,0.0360443176619793,-0.0104979543738564,-0.0140663539875133,0.0018489307428415,0.07445045107085045,0.2579039278022674,25.79,2002M03,168.84,2.888482632541134
2002-04-01,-0.0771047353575885,0.003375,-0.0804797353575885,-0.0528522932024222,-0.0045872368652968,0.117815417246009,-0.0040673857411202,-0.0201651302690888,0.192616482292875,0.0674541337317614,0.23366797360791275,23.37,2002M04,169.41,2.325440927760325
2002-05-01,-0.059869994814666,0.0036683333333333,-0.0635383281479993,-0.0159141275359055,0.0042193316668293,0.0922921470354186,0.0210473996383423,-0.019430393491541,0.123058120772008,0.06838881886112308,0.23690581787417977,23.69,2002M05,169.73,1.7932109871656277
2002-06-01,-0.074970218063457,0.0035333333333333,-0.0785035513967903,-0.0142043163565714,0.0502947314866364,-0.0627723618192611,-0.0055292480042609,0.0206863755914497,0.0432147821705552,0.06965019653051258,0.24127535829601063,24.13,2002M06,169.47,1.7898972911285949
2002-07-01,-0.109516253396015,0.0036511111111111,-0.113167364507126,0.0361822920467152,0.0384117178892713,0.0044560906891129,0.0354359093100697,0.033440949055955,0.0950165672660878,0.07426086403847969,0.25724717905722266,25.72,2002M07,168.88,2.0114768951978057
2002-08-01,-0.0266856771123314,0.0036252777777777,-0.0303109548901092,-0.0186808402815734,-0.0017329235937921,-0.0111876227313253,-0.0120944039011649,0.0429190240240034,0.0782856080963882,0.07261667905226062,0.2515515551908759,25.16,2002M08,169.04,1.8558688840684345
2002-09-01,-0.150338488090461,0.0034666666666666,-0.153805154757128,0.0308717837854464,-0.0801427598791096,0.119447331051689,-0.0573392474363775,-0.060826612957133,0.147063156968836,0.07712305227431487,0.2671620899478076,26.72,2002M09,170.33,1.7867814031313545
2002-10-01,0.128873190063589,0.0035908333333333,0.125282356730256,0.132396549508143,0.279338606126674,-0.626536447713884,0.0331713937733594,0.127391785808316,-0.377351285182117,0.08531802489535563,0.29555030784036457,29.56,2002M10,170.92,2.2126539887573182
2002-11-01,0.128262292816318,0.0034,0.124862292816318,0.077785849892391,0.0902270251896471,-0.447489478880541,-0.0019541761272018,0.113096051619413,-0.258222312799953,0.08685233861716814,0.3008653264822233,30.09,2002M11,170.54,1.9305480843942346
2002-12-01,-0.125078383156539,0.0033066666666666,-0.128385049823206,-0.0473365663049495,0.0179154858460365,0.213455435981245,0.0214971225192231,-0.0230954599199523,0.257183326941747,0.09082282150771122,0.3146194826762304,31.46,2002M12,171.07,2.155738683864805
2003-01-01,-0.0366640414246044,0.0031172222222222,-0.0397812636468267,0.0473169592299105,0.0340415116593924,-0.0971567642140124,-0.0042752697322908,0.0297074764673828,-0.0671741112158935,0.0904570178634395,0.31335230168128547,31.34,2003M01,171.68,2.7839310303538367
2003-02-01,-0.0158708361966096,0.00287,-0.0187408361966096,0.008938125777571,0.0134890729900413,0.0417579877887914,-0.0081971104118731,-6.86782979215234e-06,0.114885894426885,0.08981804263746587,0.3111388265689572,31.11,2003M02,173.22,3.4458047178262285
2003-03-01,-0.0218276669059505,0.0031,-0.0249276669059505,-0.037878586744654,0.0458682381868753,-0.0452870892885995,-0.0490369261303593,-0.0066416163814813,0.0565540565156401,0.08793741487380648,0.3046241408953918,30.46,2003M03,174.12,3.1272210376688037
2003-04-01,0.149227888596838,0.00285,0.146377888596838,0.0477335021285013,0.130043981672173,-0.529140039625233,-0.056465845297969,0.0332219293677618,-0.124610373775612,0.10177016139005292,0.35254218044411223,35.25,2003M04,173.72,2.544123723511005
2003-05-01,-0.0017903230763318,0.0029966666666666,-0.0047869897429984,0.072987783034301,-0.0049173412636801,-0.0670265159694567,0.0623829812548487,-0.0189847266443046,-0.041970753502111,0.10095919953226833,0.34973292616274554,34.97,2003M05,173.52,2.2329582277735405
2003-06-01,0.042085698633705,0.0026333333333333,0.0394523653003716,0.0456888535335646,-0.0267493001569467,-0.193747820535704,0.0334950960867861,0.0211397206985191,0.0155022378982304,0.10009339544031354,0.3467336928094121,34.67,2003M06,173.37,2.3012922641175493
2003-07-01,0.0700762583625724,0.0024197222222222,0.0676565361403502,0.0028248948136276,0.0304960056953534,-0.0982806432889048,0.0082813627158295,0.0146632507050593,-0.0992730748092722,0.0961059828253961,0.33292089032985595,33.29,2003M07,173.09,2.4928943628611977
2003-08-01,0.0361832622918523,0.0023508333333333,0.033832428958519,0.004492289215653,0.0052305984573422,-0.0395829813093687,0.0253045369694841,0.0144976694784843,-0.056397095234521,0.09552866503397739,0.3309210028361546,33.09,2003M08,173.09,2.39588263132986
2003-09-01,-0.0320652540997491,0.002275,-0.034340254099749,0.110034948401658,0.0035254541379787,-0.168902757732128,0.0700889705315231,-0.0120440018770998,-0.0136052511235891,0.08168178196963893,0.28295399284835615,28.3,2003M09,174.36,2.3659954206540323
2003-10-01,0.0891707902752248,0.0023422222222222,0.0868285680530026,0.0237113328222681,-0.0387450589472745,-0.0538536491267591,0.0007483388466994,0.0183734557372709,0.0519385459571659,0.07801371405911249,0.27024743287506653,27.02,2003M10,174.5,2.0945471565644747
2003-11-01,0.0041351207141969,0.0022833333333333,0.0018517873808636,-0.0011615979678,0.0327448247388414,0.0154897150531165,0.0628550450223131,0.0112901962828563,0.0390098000930616,0.0708293889185119,0.24536020055183724,24.54,2003M11,174.17,2.1285328955083838
2003-12-01,0.0309896673671024,0.0023422222222222,0.0286474451448801,-0.0304731106957603,0.0021688902588542,0.0921595967000883,0.0008724757388868,0.0318757695761634,0.0768097604784656,0.0557554358845555,0.19314249550039822,19.31,2003M12,174.34,1.911498217104124
2004-01-01,0.0584226633881946,0.0023508333333333,0.0560718300548613,0.268533790624137,0.0173518099687457,-0.392597280850067,0.0581060374740366,-0.0155770987001331,-0.0885695964295037,0.05264373483793058,0.18236324687895897,18.24,2004M01,173.96,1.328052190121154
2004-02-01,0.0377091987053962,0.0020783333333333,0.0356308653720629,0.0502143691089002,-0.0218820647327273,-0.122676103417453,0.0201593622905835,-0.0454024254473791,-0.063542212765642,0.050210695558872906,0.1739349515826817,17.39,2004M02,173.74,0.3001962821845172
2004-03-01,-0.0116172324477492,0.0020925,-0.0137097324477492,-0.0183329140311156,0.0157892855536752,-0.0807809400359173,-0.0304223793458958,0.0264335168049692,-0.0910460260435473,0.04906405119723253,0.1699628589975347,17.0,2004M03,175.15,0.591546060188386
2004-04-01,0.0129664276646828,0.0017458333333333,0.0112205943313494,-0.0179002316073302,0.0486023937132328,-0.129900795519544,-0.0223955196468215,0.0414988628150217,-0.0935551218268824,0.03522380422616586,0.12201883711115721,12.2,2004M04,175.64,1.1052268017499367
2004-05-01,-0.0119444409084166,0.0017394444444444,-0.0136838853528611,-0.024814082592796,0.0330170947656979,-0.0052392360477759,-0.0050176725721406,0.006586649011354,0.0349729112219005,0.03600865023689901,0.12473762344457234,12.47,2004M05,176.2,1.5444905486399207
2004-06-01,0.0338570279893008,0.0016583333333333,0.0321986946559674,-0.0034067580296524,0.0067642500878966,0.0065031081518269,-0.0154793003556767,0.0207315475055613,0.0007386252193378,0.03580345707424101,0.12402681347839355,12.4,2004M06,175.48,1.2170502393724414
2004-07-01,-0.0185436879138767,0.001705,-0.0202486879138767,-0.0398047340373256,0.0212889116344065,-0.004931403418835,-0.0368452228840763,0.0172620815484803,-0.070292610386891,0.035123777558003506,0.12167233456841915,12.17,2004M07,175.26,1.2536830550580635
2004-08-01,-0.0052068552593874,0.0017179166666666,-0.006924771926054,-0.008595704005494,0.042305941696903,-0.0018233952985294,-0.0233397353439854,0.0282207861114999,-0.005778704068054,0.03532079954880819,0.12235483876498333,12.24,2004M08,175.12,1.1728002773123913
2004-09-01,0.0326661744726251,0.0016583333333333,0.0310078411392918,0.0509631713741564,0.0078791708472789,-0.0136165057979829,0.0679470412356183,0.0096501479874069,0.0124015375723633,0.03214783806932087,0.11136337777912142,11.14,2004M09,176.44,1.1929341592108234
2004-10-01,-9.81770591591132e-05,0.0017136111111111,-0.0018117881702702,-0.0145724891362716,0.0071688598248081,0.0390020806922766,0.0100692991108506,0.0316333358075542,-0.0134945408279101,0.024418940724566223,0.08458969200392294,8.46,2004M10,177.01,1.4383954154727707
2004-11-01,0.0592536494803092,0.0016666666666666,0.0575869828136426,0.019480078508287,0.025799865044383,-0.0046020778891003,0.0641180627764819,0.0353016481511503,0.0599729175325931,0.027486001649646465,0.0952143027082193,9.52,2004M11,176.05,1.0794051788482584
2004-12-01,0.0066218327352483,0.001705,0.0049168327352483,0.0167952996343584,0.0090015352795681,-0.0036620172867391,0.0526066771211153,0.0244949679388411,0.0231399995477953,0.027372839889008876,0.0948222988704228,9.48,2004M12,176.08,0.998049787771027
2005-01-01,0.0069684615663115,0.0017136111111111,0.0052548504552004,0.0123751425781008,-0.0222618660987668,0.0201920806598189,0.0041327923003563,-0.0167227283395915,-0.0067894218140471,0.02406293536611993,0.08335645326673144,8.34,2005M01,175.27,0.7530466773971067
2005-02-01,0.0467001434425278,0.0015477777777777,0.04515236566475,-0.002185480620026,0.0148075870442528,0.0519588999099778,0.0083196083046367,0.0100343446651536,0.0380170892503207,0.02511461801580893,0.08699958883213145,8.7,2005M02,176.16,1.392885921491871
2005-03-01,0.0034718282126754,0.0017222222222222,0.0017496059904532,0.0348501075798811,-0.027096571876799,0.0136210439872053,0.0328402435540639,-0.019085290256861,0.0423082661152699,0.02411327215536326,0.0835308250196501,8.35,2005M03,176.57,0.8107336568655477
2005-04-01,-0.0104527070169086,0.0016541666666666,-0.0121068736835753,-0.0019958156544245,-0.0212754146899086,0.0334479028439545,-0.0333132681226837,-0.0525136232336496,0.0152146903034466,0.025118878435711322,0.0870143473595965,8.7,2005M04,176.89,0.7116829879298514
2005-05-01,0.0556894291547959,0.0017222222222222,0.0539672069325737,-0.0219495580392024,-0.0050570068496683,0.0172071396439382,-0.0099451124450177,-0.0238232133605576,0.0422721976579702,0.026792951579891422,0.09281350684220953,9.28,2005M05,177.1,0.5107832009080715
2005-06-01,0.0414395681284522,0.0016125,0.0398270681284522,0.0104852677877157,-0.0256867459492941,0.0667235129444479,0.0155108373903042,-0.016840706414975,0.0641127533273515,0.0273006260527793,0.09457214280370463,9.46,2005M06,177.25,1.0086619557784449
2005-07-01,0.0500158100266746,0.0013002777777777,0.0487155322488968,-9.89740612229867e-05,0.0180198485924479,0.0203699718786352,-0.0078006551137578,0.0013327903983727,0.0307700064485564,0.02608611920687782,0.09036496767722145,9.04,2005M07,177.1,1.049868766404205
2005-08-01,-0.0113474059304935,0.0012744444444444,-0.0126218503749379,0.0275903556411801,-0.0449592822752392,0.0917983168071543,0.0488775174246354,-0.0551816473866126,0.0800652914523247,0.02671028678429316,0.09252714759026255,9.25,2005M08,177.51,1.3647784376427552
2005-09-01,0.0566940037239808,0.0012208333333333,0.0554731703906475,0.0379798405611536,-0.0148802285220578,-0.0861007650387241,0.0046053647414836,-0.0208373488852149,-0.0619659944745658,0.028359539521286187,0.09824032666025045,9.82,2005M09,178.79,1.3318975289050128
2005-10-01,-0.0197104275507541,0.0012615277777777,-0.0209719553285319,-0.0083040256976041,0.0189124407725665,-0.0064219608657911,-0.0152765106031394,0.0214212716887954,-0.0441251475994309,0.030401071323828778,0.10531240027479334,10.53,2005M10,179.18,1.2259194395797035
2005-11-01,0.0400422763899037,0.001225,0.0388172763899037,-0.0007297163450936,0.0088175607539789,-0.0297110843609039,0.0122068997459954,0.0068645936506869,-0.0405319072266276,0.028861285494219333,0.09997842569547703,10.0,2005M11,178.77,1.5450156205623289
2005-12-01,0.0593134569009497,0.0012658333333333,0.0580476235676164,0.018465167994111,0.0002692253012425,0.0205691709196215,0.0416016153031895,-0.0119393556677633,0.0409588047071339,0.03026431505881016,0.10483866267626214,10.48,2005M12,178.91,1.6072239890958517
2006-01-01,0.0144003114392211,0.0013906944444444,0.0130096169947766,0.0527327360820523,0.033787372342002,-0.0370670470827362,0.018286787024378,0.0050922281590192,0.0453158620142717,0.029882220340443803,0.10351504774523364,10.35,2006M01,177.44,1.238089804301934
2006-02-01,0.0361341057255641,0.0014155555555555,0.0347185501700085,-0.0082472175161621,0.0343309840406496,-0.0071442531153126,0.0080498727599167,0.0166332345484072,0.0605031859803608,0.029414639679906728,0.10189530082385997,10.19,2006M02,178.08,1.0899182561308063
2006-03-01,0.069060850147202,0.0016834722222222,0.0673773779249797,-0.0046669835710825,0.0257940113049982,0.0460729890984218,0.0018078714922997,0.0139101384155102,0.0077432691076051,0.030790812699322864,0.10666250400312842,10.67,2006M03,179.14,1.4555133941213105
2006-04-01,0.0092746980606201,0.0016625,0.0076121980606201,-0.0312081038412567,-0.0133058079286913,0.142902180450211,-0.0037104216860063,-0.0013647772095166,0.155097199633303,0.028779191193638982,0.09969404269624303,9.97,2006M04,180.06,1.7920741703883802
2006-05-01,-0.0794818142852687,0.0017222222222222,-0.0812040365074909,-0.0174950318730127,-0.0041427979772039,-0.017632802321153,-0.0120628130583053,0.0098326651111129,-0.0220003874323091,0.042554794216490346,0.14741413137719897,14.74,2006M05,180.4,1.8633540372670954
2006-06-01,0.0092039800241863,0.0017375,0.0074664800241863,-0.0314835470641562,0.015569938434305,-0.0147128255207615,-0.0400720474402533,-0.0265507015804441,-0.0161547511322087,0.04225914649271203,0.1463899776197467,14.64,2006M06,180.45,1.805359661495065
2006-07-01,-0.0133008316322178,0.0018772222222222,-0.01517805385444,-0.0115747905012953,0.0109711267934471,-0.0129250120539228,-0.0170742542837566,0.0371849219944674,-0.0061689629316428,0.04206706288838657,0.1457245804957614,14.57,2006M07,179.94,1.6036137775268244
2006-08-01,0.0440074626548954,0.0019116666666666,0.0420957959882288,-0.0044819102912195,0.0261889725992027,0.0204166576908102,-0.0272794656045944,0.009094059985568,-0.0167561525642172,0.04203688366758639,0.1456200366082439,14.56,2006M08,180.06,1.4365387865472368
2006-09-01,0.0520678203190794,0.00205,0.0500178203190794,-0.0063267486650229,0.0177373326203732,-0.0273334660095652,5.12879572634878e-05,0.0160904573860502,-0.0431214725354474,0.04161356288075277,0.14415361038685218,14.42,2006M09,180.94,1.2025281055987547
2006-10-01,0.0452817907929514,0.0021441666666666,0.0431376241262848,-0.0577416251230769,0.01382523394582,0.0684905101814382,-0.0173901616804985,0.0205007214394944,0.0852154208981253,0.04041915786496384,0.1400160700425291,14.0,2006M10,180.94,0.9822524835360946
2006-11-01,-0.0093669862623139,0.0022666666666666,-0.0116336529289806,0.0029468793072252,-0.0208875640720373,0.0028821956642421,0.0426453558443268,-0.0150117181260724,0.0230712895524424,0.041146318875471884,0.1425350296734952,14.25,2006M11,181.01,1.2530066565978437
2006-12-01,0.0831525506372326,0.0024541666666666,0.0806983839705659,-0.0175654800492634,0.0253749243327338,0.0320557236707388,0.0257538349255856,-0.0040434731228788,0.0336083554071204,0.043599151810869825,0.15103189220667032,15.1,2006M12,181.02,1.179363925996313
2007-01-01,0.0325689137056256,0.0025575,0.0300114137056256,0.0890665542375208,0.0813678955294019,-0.135687638125907,-0.0145173000347263,0.0033257247368175,-0.0516091620925643,0.043633133315104655,0.151149607590375,15.11,2007M01,179.89,1.3807484220017985
2007-02-01,-0.0218877296707886,0.0024305555555555,-0.0243182852263442,0.0081706643891005,0.0013178166806018,0.0287106506361302,-0.0092035950221681,0.0048875685817772,0.0049314641778429,0.04527507284073297,0.15683745295306256,15.68,2007M02,180.66,1.4487870619946053
2007-03-01,0.0557339112326775,0.0027727777777777,0.0529611334548997,0.0030156835174522,-0.0115568469835406,0.0591604706507558,0.0033429478180361,-0.0220721173920342,0.0598532810111819,0.043970171971423146,0.15231714374409175,15.23,2007M03,181.63,1.3899743217595129
2007-04-01,0.067486034313976,0.002675,0.064811034313976,-0.0184034985226559,-0.0059758581552062,0.0895459131874256,-0.0226304125478818,-0.0401201741466557,0.120795107920103,0.04612745534225117,0.1597901925532869,15.98,2007M04,182.49,1.3495501499500184
2007-05-01,0.0195083618893647,0.0028459722222222,0.0166623896671425,-0.0400025298348284,-0.0133796944032393,0.131239225903623,-0.0043716710370788,-0.0245661268231166,0.112270140342993,0.03356729383004043,0.11628051677244663,11.63,2007M05,182.28,1.0421286031042198
2007-06-01,-0.0222658489252317,0.0027291666666666,-0.0249950155918984,0.0003704786433757,0.0010956299843015,-0.0227903361713526,-0.0182743265258678,-0.0117127414322746,0.0477123067071277,0.03655306225682027,0.126623522002082,12.66,2007M06,182.51,1.1415904682737565
2007-07-01,-0.0149878476158463,0.0029579166666666,-0.017945764282513,-0.0107635482656185,0.0218654631427783,-0.0204620118785066,-0.0119989041623976,0.0021834635206649,0.0351996253308148,0.03683968244465472,0.1276164034576904,12.76,2007M07,182.04,1.167055685228413
2007-08-01,-0.0264360459808151,0.0029708333333333,-0.0294068793141484,-0.009178407137557,-0.005982375692892,0.0314503980115396,-0.0107378077625712,-0.009591205424966,0.0496852128624752,0.03952960197000606,0.13693455803005056,13.69,2007M08,181.89,1.0163278907030948
2007-09-01,-0.0039874346946114,0.0029125,-0.0068999346946114,0.0228221981061911,-0.0278605858401479,0.026190578320556,-0.0049055330915753,-0.0202671121985667,0.0356421124977782,0.03890102879892514,0.13475711669287688,13.48,2007M09,183.32,1.315353155742227
2007-10-01,-0.0192418439527527,0.0030741666666666,-0.0223160106194194,-0.0313568673810336,-0.0230868792780137,0.0237938653073516,-0.0224672283016665,-0.034163486679516,0.0734464348470004,0.03909716473561632,0.13543655150795536,13.54,2007M10,184.24,1.823808997457732
2007-11-01,-0.0648769726428927,0.0032625,-0.0681394726428927,-0.0393058664741426,-0.0163563611285825,0.0455333683105823,-0.0248312830484407,-0.0105682716273289,0.0813155807810609,0.044792095946970145,0.15516437191530455,15.52,2007M11,185.23,2.331362908126633
2007-12-01,-0.0199823167961324,0.0033841666666666,-0.0233664834627991,-0.0362449470103237,-0.0290309834024871,0.0334213437110554,0.0038840051747702,-0.0189776843127833,0.0613419345796487,0.038242813170025085,0.13247699086969528,13.25,2007M12,185.4,2.419622141199862
2008-01-01,-0.12272981070921,0.0034702777777777,-0.126200088486988,0.0857520189980382,0.019999514383495,-0.0583872481956635,0.0442134472293088,0.0108709068834511,-0.0642678156475801,0.05018290181926799,0.1738386712444256,17.38,2008M01,184.11,2.345878036577931
2008-02-01,0.0343379926227918,0.0032463888888888,0.0310916037339029,0.0057661703202047,0.0329324199601684,-0.0041791692643661,0.0431724294770336,0.0481817858684619,0.0272353024951681,0.05200746600833364,0.18015914699869043,18.02,2008M02,184.8,2.291597475921625
2008-03-01,-0.0164699809961759,0.0036511111111111,-0.020121092107287,-0.0115901012300261,0.0011112309117833,0.0181378228631511,0.0009802182046751,-0.0040945186038425,0.0055861063751902,0.047706280698708387,0.1652594040206108,16.53,2008M03,186.34,2.5931839453834815
2008-04-01,0.0491161947472628,0.003425,0.0456911947472628,0.0036528948304223,-0.007388762048172,0.0397584374550165,-0.0613296648514853,0.0187375391586456,-0.0964347531198474,0.04489251872315044,0.15551224661646731,15.55,2008M04,187.11,2.5316455696202445
2008-05-01,0.0286266484765802,0.0034788888888888,0.0251477595876913,-0.0301340380815609,-0.0187612366252463,0.0145214001200368,-0.0150149276053976,-0.0136594885611853,-0.008830533754735,0.045592381973665684,0.15793664403295274,15.79,2008M05,187.83,3.0447662936142317
2008-06-01,-0.13981299321382,0.0033583333333333,-0.143171326547153,0.0067102426968493,-0.0137425808195129,0.120685251795426,0.0052813720103748,-0.0167783595088763,0.109945277359861,0.057916683676581475,0.2006292774674683,20.06,2008M06,188.54,3.303928551860169
2008-07-01,-0.0069383769337513,0.0035477777777777,-0.0104861547115291,0.0119711570394483,0.0043186991833351,-0.0896189063190662,-0.0191493475666599,-0.0117848956465645,-0.07969442166398,0.05809333253239425,0.20124120705420157,20.12,2008M07,187.78,3.1531531531531654
2008-08-01,0.0125504606148432,0.0036511111111111,0.0088993495037321,-0.0354015926091201,-0.0006731923908806,-0.0214437441191378,0.00050536830489,-0.007040076663769,-0.0490961645833914,0.059113321043895384,0.2047745509043146,20.48,2008M08,188.02,3.370168783330607
2008-09-01,-0.123258963939789,0.0036,-0.126858963939789,-0.0182747577820912,-0.0200717445621244,0.0565305131506121,-0.0357324804882667,-0.0132368931455562,0.0807011687873424,0.06542819916563164,0.22664993040521925,22.66,2008M09,189.73,3.4966179358498772
2008-10-01,-0.177694863872209,0.0038319444444444,-0.181526808316653,0.0025742238323508,-0.0506120617334997,0.121286400435628,-0.0146457681281723,-0.0876307579201617,0.237008463091399,0.07747456581864771,0.2683797685844738,26.84,2008M10,189.44,2.8224055579678664
2008-11-01,-0.0212336051045729,0.0029166666666666,-0.0241502717712395,0.0244652593464397,-0.0062157865434192,-0.024127236234412,-0.0573782415215413,-0.039016457409306,-0.001334925165425,0.07753178562285189,0.26857798380063536,26.86,2008M11,188.65,1.8463531825298363
2008-12-01,0.0369055811089783,0.0027125,0.0341930811089783,-0.143945327289259,0.0715355395358732,0.0414796043107789,-0.113544539044169,-0.018983305877119,0.0848912642817197,0.08073461405087615,0.2796729069311633,27.97,2008M12,188.39,1.6127292340884392
2009-01-01,-0.0565455815578066,0.0013777777777777,-0.0579233593355843,0.19193143232676,-0.0368927626238355,-0.0555053572139519,0.175545267774588,-0.0719924538319549,0.0406658341387971,0.07644750082075732,0.26482191106643027,26.48,2009M01,188.06,2.145456520558353
2009-02-01,0.0281847092491605,0.0010888888888888,0.0270958203602716,-0.0036373458323292,-0.0042300979871359,0.0212502018349989,-0.008824475985766,-0.0125221071439657,0.0078506931854385,0.07614185761227026,0.2637631319342543,26.38,2009M02,189.06,2.305194805194799
2009-03-01,0.0144964065042993,0.0006010555555555,0.0138953509487437,-0.0224214843133277,0.0985014116113898,-0.246685010776679,-0.0160833448748701,0.0546990642402176,-0.193502500112066,0.07738014624906583,0.2680526896009846,26.81,2009M03,189.97,1.9480519480519431
2009-04-01,0.217224489795918,0.000835,0.216389489795918,-0.0660742692451138,0.126190994730444,-0.303318723869537,0.041484681840611,0.165938524371973,-0.351698819648788,0.10411776219097335,0.3606745081702794,36.07,2009M04,190.56,1.8438351771685069
2009-05-01,0.0285316063717186,0.0003444444444444,0.0281871619272742,0.034843560078266,0.0124801950146391,-0.0965754547476443,0.0626556057115744,0.0039390345137954,-0.0055104618532858,0.10423644964798141,0.3610856535817976,36.11,2009M05,190.38,1.3576106053345915
2009-06-01,0.0098543394814281,0.0004166666666666,0.0094376728147614,-0.0066023739108643,-0.0097214308478962,0.0338509627140776,-0.0438340004351855,-0.0086465936013706,0.0248188215834281,0.09660037829916515,0.3346335264890561,33.46,2009M06,190.81,1.2039885435451314
2009-07-01,0.103645561376027,0.0003444444444444,0.103301116931582,-0.0844939849066788,0.0405998069164638,-0.0470814043746196,-0.0829005522412392,0.0389699952363188,-0.0312306990343799,0.10149878642553746,0.3516021099912263,35.16,2009M07,190.46,1.4272020449462186
2009-08-01,0.0339604307945891,0.0001291666666666,0.0338312641279225,-0.0188960700751264,0.0726767737555649,-0.0870186067822978,0.0235014692837941,0.10295600098283,-0.11881331457548,0.10185726449096189,0.3528439144366545,35.28,2009M08,190.92,1.5423891075417417
2009-09-01,0.0061773497177016,0.0001333333333333,0.0060440163843683,0.0200897438639126,-0.0621942447015843,-0.0150479132274336,0.0674179051191427,-0.0073842511348816,-0.0428172259819197,0.0928903228593905,0.3217815174478821,32.18,2009M09,191.73,1.0541295525219985
2009-10-01,0.0475848174554276,0.000155,0.0474298174554275,-0.053034948759857,-0.0074800551668435,0.0752042856211653,-0.0371429472926808,0.0134103658219845,0.0725416282842527,0.06867392746626913,0.2378934630537559,23.79,2009M10,192.33,1.5255489864864913
2009-11-01,-7.23524826237482e-05,0.0001416666666666,-0.0002140191492904,-0.0159138096704556,-0.019533487270607,0.0618486655502707,0.0323259061841252,0.0033474945196416,0.0640792334877035,0.06708202735715736,0.23237895931464383,23.24,2009M11,192.41,1.9931089318844464
2009-12-01,0.0191374493204209,0.0001291666666666,0.0190082826537542,-0.0279399207488149,-0.0078198402331483,-0.0282285764275973,-0.0199618381071908,-0.0080725227427192,0.0197228520076206,0.06731290790737586,0.23317875300155963,23.32,2009M12,192.88,2.3833536811932676
2010-01-01,0.0080686903665838,0.0001722222222222,0.0078964681443615,0.0545971097332839,-0.0256508102461535,-0.0101122775801554,0.0740155678464958,-0.0093196293415712,-0.038449999961205,0.06126664499445474,0.2122338838793621,21.22,2010M01,192.43,2.3237264702754556
2010-02-01,-0.0051823359816789,0.0001788888888888,-0.0053612248705678,-0.0101973822298361,-0.0231392156629025,-0.0105297925366499,-0.0106816795329076,-0.0088270139552109,0.0018438545171437,0.06271703736730179,0.21725819044072503,21.73,2010M02,193.6,2.401354067491801
2010-03-01,0.0877798788676039,0.0001894444444444,0.0875904344231594,-0.0050235463441697,0.0317169801340353,0.0679546650439642,0.0309769187405207,0.0280001394546378,0.0938063391890192,0.06353267573847939,0.22008364463968966,22.01,2010M03,194.1,2.174027478022844
2010-04-01,0.0422272330276462,0.0002083333333333,0.0420188996943129,-0.0347759749951422,0.0097102758363527,0.0041997712866684,-0.027034314273211,0.0278887762337496,-0.0261318012140714,0.034238058577560126,0.11860411401770708,11.86,2010M04,194.14,1.8786733837111491
2010-05-01,-0.0688493746185163,0.0002152777777777,-0.0690646523962941,-0.026095166929226,-0.0035203333643481,0.014231264193812,-0.0250239379959553,-0.0383404888353357,-0.0199034492259379,0.04495226593139522,0.15571921701704805,15.57,2010M05,194.4,2.1115663410022023
2010-06-01,0.014511973243279,0.0001666666666666,0.0143453065766123,-0.0259851147960088,-0.0084698864374907,-0.0192802917724356,-0.0638371206924142,-0.0405033830337387,0.027330334361216,0.04483493730854781,0.15531277874514043,15.53,2010M06,194.37,1.86573030763586
2010-07-01,0.0460457151874306,0.0002497222222222,0.0457959929652084,-0.0404491227189739,0.0237604516343401,0.03262300894004,-0.0297989978024225,0.0242814428609756,-0.0330024583289297,0.03815216095994154,0.13216296240232908,13.22,2010M07,193.7,1.7011445972907602
2010-08-01,-0.0316997594487708,0.0003013888888888,-0.0320011483376597,-0.0204880281021464,-1.18118932918854e-05,0.0075113819550956,-0.0163620294096813,-0.0212620043173309,0.0023783121015356,0.04050358307838115,0.14030852756068637,14.03,2010M08,193.69,1.4508694741252937
2010-09-01,0.084184930209057,0.0003333333333333,0.0838515968757236,-0.0745353270317229,-0.0098565332248185,0.0928231617863186,0.0082338764683074,0.0302667497270495,0.120921045809397,0.045142096854932645,0.1563768106258771,15.64,2010M09,195.14,1.7785427423981703
2010-10-01,0.0004427382193769,0.0004736111111111,-3.08728917341963e-05,-0.0165465336005202,0.0423537690267984,0.0066676554979538,0.0137234916775698,0.0325860182462945,0.0163725089683342,0.044606643185479807,0.1545219447046941,15.45,2010M10,195.72,1.7625955389174885
2010-11-01,0.0143438048931978,0.000875,0.0134688048931978,-0.0270287426091655,-0.006966316856843,0.0407388392569068,-0.0072432425359617,-0.0191799807273545,0.0648667351296099,0.04432422368938549,0.1535436148721274,15.35,2010M11,196.15,1.9437659165324028
2010-12-01,0.0586190070704848,0.0009644444444444,0.0576545626260404,-0.0571319031359415,0.0131305312249757,0.0460805297212423,0.0181322016119514,0.016122105955069,0.106773254383872,0.045838297802861,0.15878852145405617,15.88,2010M12,197.3,2.291580257154724
2011-01-01,-0.0116985913609013,0.0011194444444444,-0.0128180358053458,0.0938023001883451,0.0080700381400725,0.0315505897924411,0.0429982909881967,0.0471566566976717,-0.0130553178812701,0.04673785375907808,0.16190467469489456,16.19,2011M01,195.18,1.4290910980616411
2011-02-01,-0.0160820986288239,0.0012055555555555,-0.0172876541843795,-0.0134439981563216,0.0282897410485289,0.100296203150924,-0.0280419564209063,-0.0186659432739791,0.0960338724652182,0.04741988322188938,0.1642672940585907,16.43,2011M02,196.15,1.3171487603305776
2011-03-01,0.0227115569071536,0.00155,0.0211615569071536,-0.0158347214007117,-0.0025536359479247,0.0212822537125849,0.0245871419082147,0.00891677636667,0.0283805566670931,0.042111444148945826,0.14587832169214657,14.59,2011M03,196.92,1.4528593508500665
2011-04-01,0.0401867018550225,0.0014083333333333,0.0387783685216892,-0.0003712912044616,0.0144527102379731,0.0046099313585587,-0.0305590621589392,-0.0203851211845349,-0.0388700893266769,0.04191317197281998,0.14519148672659216,14.52,2011M04,197.64,1.8028227052642398
2011-05-01,-0.0053521628818854,0.00155,-0.0069021628818854,-0.0392835801584596,0.0172858779446453,-0.044299401874052,-0.053975203937558,0.0247286168615179,-0.010343085419056,0.034097677287635256,0.11811781896454321,11.81,2011M05,197.77,1.733539094650216
2011-06-01,-0.0349718654530954,0.0015166666666666,-0.0364885321197621,0.0040509723205889,0.0008474426221207,-0.0830893095092459,-0.0254742523161079,-0.001124770993127,0.0196477508813488,0.03747106294776201,0.12980356967827084,12.98,2011M06,197.22,1.4662756598240456
2011-07-01,-0.0469050939157725,0.00155,-0.0484550939157725,0.0125203334470561,0.0031178114290634,0.0215230214676188,-0.0073998834726933,0.0251254353938246,0.0101646586658162,0.039763989186451895,0.1377464991651082,13.77,2011M07,196.82,1.6107382550335503
2011-08-01,-0.104764342305312,0.0015672222222222,-0.106331564527534,-0.0048891368009025,0.0165756050699562,0.0658125826105063,-0.016777150777149,-0.0390748091553657,0.0996409790618343,0.050425170792818524,0.17467791558699977,17.47,2011M08,196.79,1.6004956373586676
2011-09-01,-0.0589388657281964,0.0016666666666666,-0.060605532394863,0.0202270074902188,0.001470668378059,-0.0034648317509801,-0.0335461408821281,-0.0084202308686453,0.0157815905319355,0.045276956412962005,0.15684397783866338,15.68,2011M09,198.11,1.5219842164599928
2011-10-01,0.0883193789802779,0.0015069444444444,0.0868124345358335,-0.0686219120385842,-0.0230044095997074,0.0451012763664422,-0.0316305057007315,-0.0044672160389725,-0.0110882010349572,0.05371874585021043,0.18608719426288847,18.61,2011M10,197.93,1.1291641119967277
2011-11-01,-0.0141280776273495,0.0015833333333333,-0.0157114109606829,-0.0329846164265538,-0.0035395363493861,0.0872357856179067,-0.0458784197594163,-0.0129578684013347,0.0966732685761729,0.05342102169791908,0.18505584754607052,18.51,2011M11,198.34,1.1164924802447018
2011-12-01,0.0111124024046233,0.0016361111111111,0.0094762912935122,-0.0311491146706053,0.0248749415003858,-0.0294475859283465,-0.0051534182118085,0.018162756890614,0.0091817487168572,0.04968963894104141,0.1721299585112734,17.21,2011M12,198.33,0.5220476431829768
2012-01-01,0.0582616182598627,0.0014638888888888,0.0567977293709739,0.0272020885921648,0.0526156373082011,-0.0740757914475955,0.0426399950677327,0.0324783809209487,-0.183815302027128,0.053546052281489225,0.18548896619255745,18.55,2012M01,196.85,0.8556204529152511
2012-02-01,0.0630064001674589,0.00145,0.0615564001674589,0.0314972097649141,0.0776280207331687,-0.0501886867072197,0.0031469449533916,0.0369340005866373,-0.0694782690104559,0.05684602297969046,0.19692040001810363,19.69,2012M02,198.26,1.0757073668111072
2012-03-01,-0.010326974413848,0.0014208333333333,-0.0117478077471813,0.0296626454914016,-0.0196770544106849,-0.0191456260619678,0.0238767790569932,-0.0158225728328309,-0.048001569964742,0.0565256227065526,0.1958105009144362,19.58,2012M03,199.1,1.1070485476335712
2012-04-01,-0.0015485978150693,0.0012916666666666,-0.002840264481736,-0.017745300043523,0.011714497137713,-0.0198164834830493,-0.0096401127340915,-0.0016425292924139,-0.0092631915564197,0.05500323040171955,0.1905367792723907,19.05,2012M04,199.63,1.0068811981380321
2012-05-01,-0.0659071468185706,0.0013347222222222,-0.0672418690407928,0.0009689892992187,0.0071019103932478,0.0642947182203027,-0.0036739542426958,-0.0020653230054801,0.124318644794139,0.057761831996951334,0.20009285551395473,20.01,2012M05,199.6,0.9253172877585092
2012-06-01,0.0303768883664951,0.00125,0.0291268883664951,-0.0335390134410502,0.0222325818203919,-0.0069835567990324,-0.0733204110498961,0.0113012410859665,0.0083810484763398,0.05825713754280982,0.2018086442553498,20.18,2012M06,199.09,0.9481796977994117
2012-07-01,0.0418790079519328,0.0011194444444444,0.0407595635074883,-0.0336232364024756,0.0174079622309589,-0.0353903979813918,-0.0341305012819663,0.0116263319108282,-0.0182715888067373,0.05800580971278124,0.20093801911341874,20.09,2012M07,198.33,0.7671984554415312
2012-08-01,-0.0221601039387615,0.0012486111111111,-0.0234087150498726,0.0166719870948948,-0.0010368047040015,-0.0400417702852695,0.007814430037293,0.0073223687119245,0.0221982128521061,0.04805569773099726,0.1664698201265193,16.65,2012M08,198.6,0.9197621830377534
2012-09-01,0.0303199372664507,0.00125,0.0290699372664507,-0.0414290834896169,-0.0020091753626163,0.0440402404666499,-0.0122803192162777,0.0112438771873109,0.0459247265399573,0.043028219990758766,0.14905412636649004,14.91,2012M09,199.94,0.9237292413305731
2012-10-01,-0.0140569610242191,0.00096875,-0.0150257110242191,-0.0119607733575053,0.020261513314273,-0.0419949013492774,-0.0314482571094237,-0.006200202759059,0.131871974142904,0.0374902006277732,0.12986986454650762,12.99,2012M10,200.18,1.136765523164751
2012-11-01,0.0308532343332119,0.0010416666666666,0.0298115676665452,-0.0402336064099853,0.0258528968126941,-0.014671814601208,-0.0458672574241341,-0.0011481521629059,0.110928362638937,0.0372227379991644,0.12894334682275488,12.89,2012M11,199.83,0.7512352525965493
2012-12-01,0.0205500770810982,0.0010591666666666,0.0194909104144315,0.0320812583151174,0.0264053358403152,-0.116611976202826,0.0360145734980346,0.0091845143175406,-0.0121745300428238,0.037288843945124626,0.1291723445369259,12.92,2012M12,200.39,1.038672918872563
2013-01-01,0.0550015966932302,0.0009041666666666,0.0540974300265635,0.161785314966658,0.0338299171596391,-0.205012276249186,0.0414929324529955,0.0838314244086612,0.0978435808632743,0.03700226422328583,0.12817960325963837,12.82,2013M01,198.89,1.0363220726441469
2013-02-01,0.0356749311294767,0.0008166666666666,0.03485826446281,-0.0007634418114083,0.0078831171194827,0.0213887474482523,0.026978846848952,0.0311611316714062,0.127960430169111,0.03446545380358261,0.11939183418744619,11.94,2013M02,199.97,0.862503782911328
2013-03-01,0.009066742852264,0.0008869444444444,0.0081797984078196,0.0142989753936379,-0.0180299263484791,0.0054699974275204,-0.0013787970984448,-0.0131763750177328,0.0044584423612599,0.03380952706028984,0.11711963729659365,11.71,2013M03,200.95,0.9291813159216344
2013-04-01,0.0206147152194818,0.0008416666666666,0.0197730485528152,-0.0349199566860027,0.0072362298642473,0.002037437360942,-0.0315719006790778,0.0030918984427464,0.0938323124993301,0.03357263687598875,0.11629902562654595,11.63,2013M04,200.63,0.5009267144216789
2013-05-01,0.0213988489070995,0.0008438888888888,0.0205549600182106,-0.0280973718367186,0.0265901164826427,-0.0717640405927042,0.0034842202134038,0.021068304550406,-0.0552161654240856,0.02199838748739482,0.07620464962551056,7.62,2013M05,201.02,0.7114228456913896
2013-06-01,-0.0503846081804162,0.0008083333333333,-0.0511929415137495,0.0493242100184247,-0.0449155726484061,-0.0047484233471509,0.0305507806037003,-0.0374088560931023,0.125632599363744,0.029951945146230025,0.10375658155757285,10.38,2013M06,200.81,0.8639308855291628
2013-07-01,0.0717076530352267,0.0008094444444444,0.0708982085907823,0.0524317336966217,0.0668050541284703,-0.212458419767311,-0.010948315880956,-0.0023049702179926,0.0865441089212546,0.03346521878768535,0.11592691845335915,11.59,2013M07,200.65,1.1697675591186396
2013-08-01,-0.0103865349280213,0.0007922222222222,-0.0111787571502435,0.0481060507924815,-0.0528477988930646,-0.0544434473976364,0.0860413743336824,-0.077310068896615,0.0761306139071911,0.03230802603711083,0.11191828517706826,11.19,2013M08,200.94,1.1782477341389708
2013-09-01,0.0406648213184218,0.0008,0.0398648213184218,0.10891505683527,-0.0169295926851003,-0.295549162722177,0.0116395559749972,-0.0305993522350869,-0.0555190808561387,0.03280756335677132,0.11364873321292573,11.36,2013M09,201.76,0.910273081924573
2013-10-01,0.0172518556467658,0.0008611111111111,0.0163907445356547,0.0323773631749771,0.0078632933937931,-0.12956841181971,0.0096555640189411,0.0370928111734082,0.0358359063086514,0.031112271210400243,0.10777606895055133,10.78,2013M10,201.4,0.6094514936556994
2013-11-01,0.0227290029397641,0.0008333333333333,0.0218956696064308,0.0120834362084815,0.0004492611349599,-0.0023210835638699,0.0187055023753461,0.0127266619113297,0.0044686283009716,0.03099127160557458,0.10735691402404374,10.74,2013M11,201.31,0.7406295351048309
2013-12-01,0.0209341042382114,0.0008516388888888,0.0200824653493225,-0.0057486582124699,0.0109648786262876,-0.0160860763383982,0.0052576517225887,0.0110557933270567,0.0524964666881136,0.03099033344374597,0.10735366413613798,10.74,2013M12,201.92,0.7635111532511507
2014-01-01,-0.0166573891926074,0.00067425,-0.0173316391926074,0.0794217164210309,0.0298823351764502,-0.0145349540915492,0.0443646007036063,0.0317975269780505,-0.0452401973647943,0.030778581146543357,0.10662013266138928,10.66,2014M01,199.75,0.43239981899543256
2014-02-01,0.0606245107419326,0.0005996666666666,0.0600248440752659,-0.0169106785196143,0.0377136322526403,-0.018966494108989,0.0058395823679028,0.031697393067042,-0.0015374969085316,0.03307135561667729,0.11456253640652685,11.46,2014M02,200.76,0.3950592588888302
2014-03-01,0.0063898665562478,0.0006639166666666,0.0057259498895811,-0.0319808650014142,0.0330481424119459,-0.0356163701685381,-0.0279011583545659,0.0446515614637805,-0.0375356812951745,0.033134981442022766,0.11478294273087059,11.48,2014M03,200.89,-0.02985817367504584
2014-04-01,0.0189517050122431,0.0006241666666666,0.0183275383455764,-0.043663407497731,0.0028886434454779,-0.0226218578864477,-0.0272654979917753,-0.0091843516277247,-0.0552567602470464,0.03312380269125658,0.11474421840228621,11.47,2014M04,201.72,0.5432886407815474
2014-05-01,0.0374789911559649,0.0006415277777777,0.0368374633781871,0.0208970050121966,0.0199360551110204,-0.0745593195066322,0.0116697109009409,0.009647204651368,0.0710903298482194,0.03364900763192578,0.11656358168553671,11.66,2014M05,201.88,0.4278181275494841
2014-06-01,-0.0135108837674794,0.0006225,-0.0141333837674794,-0.0055337509148676,-0.0167084217964575,0.0429087485461351,0.0125805353332983,-0.0250851797415374,0.0012005758379865,0.02799380726582378,0.09697339296339516,9.7,2014M06,202.36,0.7718739106618244
2014-07-01,-0.0074000537999409,0.0006001944444444,-0.0080002482443854,0.0585155798547859,0.0231127379586986,-0.145410775356055,-0.001970030104689,0.0032621527240637,-0.0944698966715582,0.024106175110876794,0.08350624013638185,8.35,2014M07,201.92,0.632942935459746
2014-08-01,0.0064318557529877,0.0002135555555555,0.0062183001974321,-0.0041098698169325,-0.005625506199146,0.0405432388961274,-0.025357371660077,-0.0258765433856365,0.0455283225626661,0.022946741552563,0.07948984447438211,7.95,2014M08,201.92,0.4877077734647184
2014-09-01,-0.0016361554450252,0.0002,-0.0018361554450252,0.0035969561631282,0.0039137997700381,0.0374582051819055,-0.0323917831898928,0.0001572682852338,0.0619439987020364,0.022060636358843286,0.0764202860416357,7.64,2014M09,202.42,0.3271213322759703
2014-10-01,0.0155342723680037,0.0002144166666666,0.015319855701337,-0.044787553603078,-0.0308116549682085,0.0818382200750861,-0.0313364393569233,-0.0226055959342192,0.112036971531032,0.022043493478770118,0.07636090136308613,7.64,2014M10,202.59,0.5908639523336534
2014-11-01,0.0336159535396662,2e-05,0.0335959535396662,-0.0309206290599476,0.0041126666919263,0.0222000670077993,-0.0209771322702507,-1.37500746397942e-05,0.013899403135669,0.022771233418169085,0.07888186646255833,7.89,2014M11,202.5,0.5911281108737843
2014-12-01,0.0105949520113156,4.13333333333333e-05,0.0105536186779823,-0.0483031051548276,0.0012171913259858,0.067897412048009,-0.0157203978095481,0.0149688850633316,0.0280527445175401,0.022663988352843386,0.07851035865854802,7.85,2014M12,203.0,0.534865293185427
2015-01-01,0.0710176950970719,9.73055555555556e-05,0.0709203895415163,-0.0106364671560401,-0.0306954762075874,-0.0272978307820833,-0.0301001998478971,-0.0178974956818001,0.0550219412761401,0.026273561075375956,0.09101428535663028,9.1,2015M01,200.87,0.5607008760951215
2015-02-01,0.0807118770143491,7.46666666666667e-05,0.0806372103476824,-0.023928497238661,0.0196670699384943,0.0245508132746578,0.0326146939183292,0.005693109049353,-9.48820211125884e-05,0.02962634205470886,0.10262865936234053,10.26,2015M02,202.48,0.856744371388718
2015-03-01,0.000233266526358,0.0,0.000233266526358,0.0393125511963311,0.0248645644072925,-0.0620148361330873,-0.0093910453057857,-0.0061957176334437,0.0314372498885506,0.02992771802758281,0.1036726563567369,10.37,2015M03,202.74,0.920901986161593
2015-04-01,0.00231015957775,0.0,0.00231015957775,-0.0047986074000099,-0.0208541554615601,-0.0056294363132627,0.0390186693182274,0.0605247552031996,-0.135525035010683,0.03039775750426414,0.1053009208670872,10.53,2015M04,203.06,0.6642871306761888
2015-05-01,0.0121992445900545,0.0,0.0121992445900545,0.0354791891414402,-0.0176262084850233,-0.0007570121062223,0.0141176705236444,-0.0386071570718769,0.0966789316449058,0.029940652894803136,0.10371746405116643,10.37,2015M05,203.95,1.025361600951058
2015-06-01,-0.0637194468267581,0.0,-0.0637194468267581,0.0414227485497476,-0.0250355288910314,0.0166143910253103,0.0073621526138909,0.0035257145574934,0.0242120136398028,0.03721622435359944,0.12892078289263284,12.89,2015M06,203.52,0.5732358173551999
2015-07-01,0.0500497084103547,0.0,0.0500497084103547,0.0092123297346787,-0.040513564177947,0.0706728585479783,0.0124210102049971,-0.0375432521746447,0.0611495724096446,0.0379746852302923,0.13154816844060338,13.15,2015M07,203.81,0.9360142630745028
2015-08-01,-0.059254086732784,0.0,-0.059254086732784,0.0265994303643853,-0.0091595333259522,0.0405842489766234,0.0150132613563834,-0.0225221164220742,0.0935194592593151,0.04404571042297216,0.15257881661610767,15.26,2015M08,203.54,0.8022979397781294
2015-09-01,-0.0442745164910732,0.0,-0.0442745164910732,0.0102855747469985,-0.0525910579882006,0.131024775987523,0.027974087268312,-0.031796541052969,0.0927698760342313,0.04691883542884795,0.16253161358945467,16.25,2015M09,204.45,1.002865329512903
2015-10-01,0.0692755137501486,0.0,0.0692755137501486,-0.022781433328253,0.0027310809756954,0.0114734560306059,0.0161044540468738,-0.0109679375317623,0.0282438762610695,0.05005506622639379,0.173395835760678,17.34,2015M10,204.73,1.0563206476134068
2015-11-01,0.0362571339141891,0.0,0.0362571339141891,0.0630551109749336,-0.0066318972118247,-0.0373015092112577,0.0445867232042323,-0.0270703472939295,-0.0527851456083484,0.05015777116969841,0.17375161612066217,17.38,2015M11,204.48,0.9777777777777663
2015-12-01,-0.0403181332143368,0.0,-0.0403181332143368,0.0573464476716222,-0.0161477108044931,-0.0001702405430435,0.0757262271064151,-0.0140431624607723,0.0645610594586853,0.05254686449183218,0.18202767815658055,18.2,2015M12,204.85,0.9113300492610721
2016-01-01,-0.071356426815988,0.0,-0.071356426815988,0.0342626332756185,0.0138926305363183,-0.0795601801217777,-0.0017208003801462,0.0235859505559831,-0.020556822495501,0.05347795881866805,0.1852530835180183,18.53,2016M01,204.04,1.5781351122616583
2016-02-01,0.0203296677342251,0.0,0.0203296677342251,-0.0298383192490737,0.0348961660606721,-0.120119140419326,-0.0196997854632533,0.030040043684369,-0.0699657910670458,0.04746829407443203,0.1644349941710739,16.44,2016M02,204.74,1.1161596207032831
2016-03-01,0.0192776215933436,0.0,0.0192776215933436,0.0029062409035568,0.0162753568742912,-0.0445007513363286,0.0363905163996788,0.0396647623669136,-0.116245254923159,0.048059758520260225,0.1664838871131639,16.65,2016M03,205.79,1.50438985893262
2016-04-01,0.0091362984478738,0.0,0.0091362984478738,0.0057691791321032,0.0198781171073528,-0.0479441104409783,0.0037222536902947,0.0109930856108114,-0.148298034079768,0.04820425416584197,0.16698443471240398,16.7,2016M04,205.85,1.3739781345415203
2016-05-01,0.0249485489625963,0.0,0.0249485489625963,-0.0240013713846802,-0.014461513979092,0.0510781043531573,0.0245457143336882,-0.0351281903566557,0.0731251730564318,0.048759895716604024,0.16890923350583648,16.89,2016M05,206.27,1.1375337092424775
2016-06-01,-0.035676449503283,0.0,-0.035676449503283,0.0196750442276622,0.0435012806372171,-0.0804157373033975,-0.0007765339640764,0.0107190466017181,-0.0344861715443117,0.046252229174968254,0.16022242178872909,16.02,2016M06,206.52,1.474056603773577
2016-07-01,0.055325461301663,0.0,0.055325461301663,0.012946937756723,0.0091201019425232,0.035360031994744,0.01682090303872,-0.0213795350922012,0.0950431947955794,0.046811582526278414,0.16216007863643533,16.22,2016M07,206.68,1.4081742799666452
2016-08-01,0.0246704085628508,0.0,0.0246704085628508,0.0386963806498046,-0.0070250020689931,-0.0071180667186598,0.0522506943079464,0.0246932501845184,0.0135406050938547,0.0435301477011665,0.15079285495879588,15.08,2016M08,206.48,1.4444335265795472
2016-09-01,0.0178354477022688,0.0,0.0178354477022688,0.0246398154490879,-0.015341052038968,-0.0115664360345524,0.0117254407909615,0.0078409741001016,0.0286238071502239,0.04065407198863127,0.1408298364377441,14.08,2016M09,206.86,1.1787723159696784
2016-10-01,-0.0094653342863142,0.0,-0.0094653342863142,0.0180377837781204,0.000784955488358,0.0219288316462666,0.0077466777623813,0.0058446684842127,0.0377184145236095,0.036501917437400715,0.12644635115052477,12.64,2016M10,207.65,1.426268744199688
2016-11-01,0.014410425629673,0.0,0.014410425629673,0.0193534284865658,0.017427728669793,-0.0687562224906378,0.001628991191988,-0.0067231827275801,-0.0416030800951835,0.035284768743339946,0.12223002439356606,12.22,2016M11,207.76,1.6040688575899908
2016-12-01,0.029204068187433,0.0,0.029204068187433,-0.015475731426103,0.0158353101568667,-0.0119827217284913,0.0091184385513989,0.0347082336648023,-0.034612741431395,0.033278884626462675,0.11528143798451233,11.53,2016M12,208.82,1.9380034171344818
2017-01-01,0.0124923735509747,0.0,0.0124923735509747,0.0359136057361634,-0.0099516933997395,0.0526804041677123,0.0169551817450282,-0.0030895062313588,0.097643521125787,0.021913652470679168,0.07591111891724715,7.59,2017M01,207.38,1.6369339345226441
2017-02-01,0.0294379136619579,0.0,0.0294379136619579,-0.0157555604589056,0.0067549975729264,0.0271028923986411,0.0048470843373365,-0.0040526412802674,0.0249576426923637,0.022262170839964394,0.07711842196319328,7.71,2017M02,208.84,2.0025398065839584
2017-03-01,0.0213990979752425,0.0,0.0213990979752425,-0.0221863938590551,0.0023053973604022,0.039318483971068,-0.0294266495294172,-0.0140343450293374,0.0761670758857337,0.02229924932488968,0.07724686560270982,7.72,2017M03,208.82,1.4723747509597152
2017-04-01,0.0435926343479893,0.0,0.0435926343479893,-0.0424166694512538,0.0064524671292717,0.0578927197047316,0.0015947236336819,0.0145202920542888,0.0644208621310332,0.023500987821058552,0.08140980986826163,8.14,2017M04,210.02,2.0257469030847686
2017-05-01,0.0172848397551315,0.0,0.0172848397551315,-0.0491781510526851,0.0228362149704418,0.0493457835589511,-0.0177721168111531,-0.0146986996451182,0.0924264756981631,0.023429092042261568,0.08116075558480941,8.12,2017M05,210.18,1.8955737625442337
2017-06-01,-0.0196460176991151,0.0,-0.0196460176991151,0.0249593942521213,0.0107245740175007,0.0501693706637753,0.0217347933064554,0.0046784326090255,0.0168461546897978,0.020317347799679104,0.07038135732818389,7.04,2017M06,210.37,1.8642262250629482
2017-07-01,-0.0302401155443221,0.0,-0.0302401155443221,0.0185785088084008,0.0333001949858594,-0.0251849219254776,0.023776565892141,0.0186006655910154,-0.0176771754881986,0.021653207809427595,0.07500891214555157,7.5,2017M07,211.54,2.3514611960518517
2017-08-01,-0.0085637159080331,0.0,-0.0085637159080331,0.0020070000873772,-0.0055937752137666,0.01220014682595,0.0014766054984442,-0.0173430177826606,0.0348173132202294,0.022087427888357804,0.07651309462229895,7.65,2017M08,211.23,2.3004649360713003
2017-09-01,0.0560510750164304,0.0,0.0560510750164304,0.0148865115770392,0.0009731470221006,-0.0236702995740876,-0.0192500303121512,-0.0210724432881518,-0.0012663103971591,0.025793564826971916,0.08935152957727378,8.94,2017M09,211.55,2.2672338779851087
2017-10-01,0.0211682076813655,0.0,0.0211682076813655,-0.0043897244215182,-0.0198754334170613,0.113998604340002,-0.0368977451813291,-0.0372416572599054,0.0301207218441705,0.024867710639167696,0.08614427658991913,8.61,2017M10,211.43,1.8203708162773946
2017-11-01,-0.0349361402042468,0.0,-0.0349361402042468,-0.0070911670430692,-0.009715482969224,0.0368076954455661,-0.0036861956768587,0.0046716856339079,0.0187893459066367,0.028836507283281448,0.09989259145494687,9.99,2017M11,211.9,1.9926838659992452
2017-12-01,-0.0125856802365758,0.0,-0.0125856802365758,-0.0466469222792046,0.0091722827361611,0.0283800132595644,0.0050633644809392,0.0021536293514697,0.0500410031046877,0.029018608049267647,0.1005234070125175,10.05,2017M12,212.72,1.8676371995019592
2018-01-01,0.0156752070064714,0.0,0.0156752070064714,0.0416452964885017,-0.0255986245000963,0.0135839196468999,0.0247224375229042,-0.0014721305231049,0.132200702843732,0.029078339816947366,0.10073032392541184,10.07,2018M01,210.89,1.6925450863149782
2018-02-01,-0.0072763221335484,0.0,-0.0072763221335484,-0.0177482326323431,0.0199992695441936,-0.0308717719150684,-0.0297317173357758,0.005200984696924,-0.0139400485588983,0.028569914308707707,0.09896908630114161,9.9,2018M02,212.46,1.7333844091170336
2018-03-01,-0.0129222661492082,0.0,-0.0129222661492082,-0.0198560782510753,0.0206946774642139,-0.0362302043520862,-0.0259053027017511,-0.0115702429818798,0.0203614795488801,0.02851435785735939,0.09877663310829457,9.88,2018M03,213.08,2.040034479455999
2018-04-01,0.0439367762806402,0.0,0.0439367762806402,-0.0375334960076357,-0.018975551149387,0.0804856530942796,0.0229457177016297,-0.0306697660860064,0.0570149876688495,0.028559800363003554,0.09893405056549244,9.89,2018M04,213.98,1.885534710979897
2018-05-01,-0.001067534294759,0.0,-0.001067534294759,-0.0111221176975926,-0.0427596183551062,0.09661780145527,0.0296419262718013,-0.0386627541057607,0.155274994494711,0.028174891166553355,0.09760068599638792,9.76,2018M05,214.52,2.0648967551622377
2018-06-01,0.0030449318917661,0.0,0.0030449318917661,-0.002385889177688,0.0080823814419833,0.0210182979264583,-0.0011977123079816,0.0106364579045893,-0.0100454263902346,0.027429558667461173,0.09501877848246804,9.5,2018M06,215.07,2.2341588629557485
2018-07-01,0.0412279662467255,0.0,0.0412279662467255,-0.0076209583321102,0.0418384367019047,-0.0074251633694868,-0.0033026486181137,0.0038852887187213,0.0029437428428252,0.02738824674926068,0.09487566979990528,9.49,2018M07,216.24,2.2218020232580127
2018-08-01,0.0257673913666469,0.0,0.0257673913666469,0.0408610085244907,0.033136478757302,-0.151019824641604,0.0081107927750618,0.0146865861312061,-0.151777342934436,0.027219683296071207,0.09429174886945842,9.43,2018M08,215.81,2.168252615632249
2018-09-01,0.0009096190364282,0.0,0.0009096190364282,0.0263966154749011,-0.0020579189884739,-0.0022575483176056,0.0133062967544757,0.0027126682279238,-0.0456157389369238,0.02340312210762481,0.08107079309228919,8.11,2018M09,216.83,2.4958638619711593
2018-10-01,-0.0714859206961662,0.0,-0.0714859206961662,-0.0136151993607752,-0.0069684515555537,-0.013347196253332,-0.0121711496723957,0.0107685988824222,0.0243187291506435,0.03198342532876015,0.11079383533899578,11.08,2018M10,216.58,2.435794352740861
2018-11-01,-0.0155858899421143,0.0,-0.0155858899421143,-0.0441883085806801,0.0108745506029331,-0.0083299512716627,-0.0338292301646603,0.0002536469711064,-0.0103985996060403,0.030562661947668403,0.10587216661582731,10.59,2018M11,216.4,2.1236432279376993
2018-12-01,-0.060285882368791,0.0,-0.060285882368791,-0.0089733483834167,0.0140401206866569,0.017035483042738,0.001445409208284,0.0183642067180577,0.0602423575135217,0.035210849510041414,0.12197396065810687,12.2,2018M12,217.37,2.185972169988726
2019-01-01,0.0767543461410168,0.0,0.0767543461410168,0.0028451634525032,0.0267831887960971,-0.0682835578967043,0.0044167833999914,0.013854831782995,-0.0941414991203898,0.04195228586100371,0.14532698120982374,14.53,2019M01,215.09,1.9915595808241315
2019-02-01,0.0397522055710253,0.0,0.0397522055710253,-0.0376559095245075,-0.0061095692403485,-0.0176367519158587,-0.0231639158112458,-0.0243066836502992,-0.0046109579604311,0.04319355206075422,0.14962685345719537,14.96,2019M02,216.56,1.9297750164736893
2019-03-01,0.0107925553393782,0.0,0.0107925553393782,0.0123988516088582,0.0095751998674788,-0.0209491939179952,0.0127511008228477,-0.0254260502301311,0.0122396767106017,0.04279792565647622,0.1482563633911448,14.83,2019M03,216.96,1.8209123333958965
2019-04-01,0.0720208107229276,0.0,0.0720208107229276,-0.0342699354476661,0.0033670800592923,-0.0324723630020856,-0.0123843662042889,0.0209892036088964,0.0096425495938199,0.04562719996461034,0.15805725709161997,15.81,2019M04,218.36,2.0469202729227254
2019-06-01,0.0679195359810117,0.0,0.0679195359810117,-0.0168486621503666,-0.0129377216953828,0.0006692868480495,-0.0301241307462389,-0.0112311398003945,0.0359554683176836,0.04834969891780586,0.16748827011259543,16.75,2019M06,218.66,1.669223973589995
2019-07-01,0.0023643807817426,0.0,0.0023643807817426,0.0311168322090654,0.0130050474360228,-0.0005109947533136,0.0018988841184007,0.010582263199642,-0.0090319771307832,0.048366547838261165,0.16754663648515797,16.75,2019M07,219.56,1.5353311135775094
2019-08-01,-0.0116533593789512,0.0,-0.0116533593789512,-0.0332446488811401,0.0282599827888096,-0.0194299184829308,-0.054994275214731,0.0002379719134561,0.0286707581024958,0.04825262971144777,0.16715201251807021,16.72,2019M08,218.68,1.3298734998378192
2019-09-01,0.0291878710347999,0.0,0.0291878710347999,-0.004670403792521,0.0074591521955537,-0.0225307108601708,-0.005587239566658,0.01078537609899,-0.0600715635879957,0.048354958985417945,0.16750649152130617,16.75,2019M09,219.73,1.3374533044320236
2019-10-01,0.0397698625965347,0.0,0.0397698625965347,-0.0204727487807428,0.0056801442789709,-0.0326186491002771,-0.0308178178479075,-0.016970891625346,-0.0155968517523165,0.04886343147361168,0.16926789188891123,16.93,2019M10,219.83,1.5006002400960394
2019-11-01,0.0196940580862267,0.0,0.0196940580862267,-0.0204058327920198,0.0044114390722392,-0.0112744561083313,0.0195584998696454,0.0035418386126347,0.0039087010690249,0.040586852933088544,0.14059698279887053,14.06,2019M11,220.1,1.70979667282809
2019-12-01,0.0346912293016546,0.0,0.0346912293016546,-0.0242999783538406,0.0108402398374467,0.0193816093313899,-0.0001357018921307,0.0156286662403527,0.0163822903266452,0.03884882090951872,0.13457626325886118,13.46,2019M12,220.97,1.6561623039057727
