V1,V2,V3,V4
0.221241368596079,4.45512595698541,1.1347683438996,1.37830080026801
3.81021551087561,6.09827920009203,6.98595139874095,3.70789609886148
6.25045542135077,6.0044104807942,11.6268754955634,6.40621511708786
1.78273769068232,2.33033215902743,1.27510876615528,2.00826116414598
5.32664609020054,3.47155167678202,7.39635785833139,2.58494269867075
-1.84759168928197,-2.87207304034789,-1.39934606352565,-3.23827701048595
-1.125197990972,-2.32192504575233,3.34474438571942,-2.14455345886992
-14.1100049029672,-16.2904290979392,-10.9265507811388,-13.899165195435
-8.23911720102596,-2.268376996328,-8.79871882972931,-13.3717187451466
-3.86134008842928,-0.77555020135702,-0.462928950568584,4.57800906615189
11.1319484628343,3.99036467912103,8.69275015049149,7.78482898119716
-0.854313819459888,-3.19590231084514,-1.96754031299375,-0.542924909145605
-1.31941679404083,-1.38931892138889,9.65685929896472,0.618544429478764
0.106994560166795,3.72017814491767,4.99810255182972,1.34559940239072
0.0998004362085176,1.99871751409079,5.18314523706948,2.10543688989878
4.24626099338929,7.95841141066117,10.2795279455192,8.20356087895073
4.97912530329315,-1.51846887118424,1.5352752813217,-1.71920127230566
-1.69730952667452,0.209661110216977,3.19449063565156,7.41349726258461
-2.26850218039948,-3.0098846065685,2.87040017193468,-0.118083416919694
4.74576781072237,3.20512596628267,5.474841240849,2.58110735018898
3.07893387922137,-1.94705574246888,0.140244200788814,0.349698774461173
-0.999653290495615,-2.94296835103375,-1.89884668320043,3.55217780098476
14.1560622859632,1.98780716309748,5.39072875478861,10.1844539667644
16.1059068146947,10.4218563942198,14.4241058185269,12.2754345562045
8.08891270082298,-0.766989738314749,-6.72599876444591,-0.50813355627813
11.7774273109446,7.19779184897813,1.52488379412926,10.0518728842518
0.80373921819107,-0.329110788605067,1.26142751134703,-4.99001803069301
-3.5925567680592,-0.878609946313121,-5.91635744776775,-5.14582437045771
-4.58896420301175,-2.7367865600896,1.22914581704548,-1.2784980237187
-5.85199319024692,-6.42147067187721,-5.29100682542692,-6.51076447139631
0.183373458476858,-0.105977178708121,2.88302293429596,1.18214121574533
4.48052787377642,8.72389589976644,0.495857998333072,-1.75322969322826
-0.396916396930537,2.3684404747897,-2.86725963394974,-3.83778459917736
-8.61789469161454,-6.75738566356841,4.86678835799984,3.19300360445023
-5.5592412563478,2.41026552090806,-6.57377796637956,-6.64349487338375
-5.15408590432999,3.41505581966173,5.30363587775711,1.12286342655688
9.73620110339464,3.06925532381633,5.31253673127416,10.850600161596
-10.111044512936,-0.912666438530106,1.12766067471052,-4.02425213765214
-5.38404784922769,-3.51279535772994,-6.84972153694261,-9.57194639292293
2.87804099886999,7.87348923301538,12.2955980535238,14.4968223223305
3.23999545526858,5.82067611332516,3.36731989658963,-0.165876784680722
-9.70652103223212,-4.13556740620801,-2.72181022050147,-4.81722677753806
-8.03593239962775,-5.24338935295928,-2.94602975764568,-0.655842530695306
-7.24795318309065,-1.91027170978633,-5.86362465002929,-6.47033096375438
-13.9783563032793,-6.56883136426293,-13.9612568118849,-9.79672675298678
8.61067947460521,6.52962634109085,10.24687710547,10.1389126136999
17.0348834638644,6.966278291306,11.3927081909359,10.6698855665483
-0.788737913873177,1.72886154541949,0.835619951041781,2.6841546365655
0.665923779076182,3.50704205583417,3.8769487242375,-3.84875445681146
-1.4404245047095,5.83761354568509,2.5651620162511,1.96390071218961
4.00262890222965,3.45677817724583,3.47437102779483,3.77785299166925
-8.57802477130214,1.930703906932,0.897182262345119,-6.61867639517513
-4.28365667073842,-0.592353956347359,-1.12511914471577,-6.651290195404
-8.66131577678256,-6.06197373144595,-6.88788642406706,-3.55706860443032
-7.38713934908418,-7.17445808108107,-9.17853518218939,-7.48372852992865
-7.79869317350896,-2.86938154257784,-2.15951091579349,-4.98081840926238
-18.1291372612268,-10.6214243219919,-9.33839340997724,-15.2417449969004
12.3805357089756,11.0029068998336,4.8741305517217,13.1318800068116
14.0171527070932,12.0591172732035,9.81393241167499,16.1216603872724
-12.2546245392099,-4.80878712481527,-6.20113449271797,-13.2865958360032
-1.70840401024189,-6.84140693660896,-6.19504201940121,-2.87162826565978
-2.23050007860987,-1.27962444755191,0.599311944537501,-0.470147302936732
-3.40326802557105,0.543317425357726,-0.655853820165133,-2.17930388754784
7.7732488502137,10.164935357989,8.68585891743803,15.0194918215834
8.11314794855078,1.34371435002899,2.22969117969882,-0.881169630665456
9.4888113407286,5.38573891041212,4.49292244492438,5.79151360402373
4.49550109966519,3.34826603964379,3.85618453807057,8.73410585735041
7.23856723318482,7.89417647238176,6.82688897253137,3.75527435908024
6.03405928407875,-1.52963159773545,-2.28960963996054,-5.35546679508995
5.76638421382289,4.62653184684531,8.4378914966562,10.7169823761768
4.27909248505512,5.0793174458727,3.96281407879572,0.913126818707316
1.64989396690468,4.88190910275888,1.23395626921204,0.65119157565901
16.1990451874719,4.38071594738304,1.34067702331582,6.46977468959368
3.51502871782724,3.31725577178376,3.04383534058642,2.64185386583743
-1.89685891053536,1.20151376761051,-1.93158325896417,-0.366788698803007
0.692766917620075,1.79730727095372,0.233164858011973,2.38514074507001
-3.09070940341928,2.70295622842079,0.214172666951885,-1.40225077637615
0.375036714717695,1.92251624056521,0.39218263773797,4.4031110277166
-3.2963550113103,0.0223788944850498,-0.264263303968459,-0.131372468226986
-3.01203169151118,0.398456537321907,0.895815454465425,-2.39332824475183
7.60702345310556,2.39138920158991,3.06579809959255,3.12498210823539
-0.386356630493524,1.88716115110441,1.63772769439729,0.430861892793933
8.93471358608899,4.0773486225557,8.04390411558986,4.44469579736236
5.24715903666435,3.82691824460061,1.90389898182387,1.42728251247519
3.87615197117848,1.38728451536807,3.81808575025494,2.27742574182929
6.70481626086177,7.16624742561657,7.79593920218248,3.91840605344701
5.41518880661886,2.07597174191036,1.04723782781562,-0.686868568793818
-3.07626470492548,-1.27907352898461,-1.60714742768437,-2.11178788602607
1.98180363911366,4.70072483959008,4.9917996403763,6.93235102500237
4.76988046379682,4.10004611486884,7.5145831234606,3.3042804323836
3.75641828811569,5.57459898478793,5.19926062870784,5.77867497022723
4.18900639626802,-2.97964236323804,-2.18151813718135,-0.720823623959527
6.82531550400882,1.95383673811619,7.48065905231082,6.10614286374301
-3.00747603790435,-1.7062771666317,0.911829787692285,-3.16948316197733
5.55287655586793,6.55241143791963,6.17824402820378,5.05908502616493
10.2573853209066,4.46899226649044,8.14790225205722,5.49477470695984
2.10919224906536,1.42637181848857,5.83909344320036,2.22306335075097
3.33980973499064,7.91807352845088,4.29774945326465,3.99149292757336
5.85185953018967,7.47368542229831,6.97054840081192,7.16834093551324
1.17610912519043,2.07920143321989,1.19762178583168,4.32556750866349
-8.51847841576998,-5.49482021329812,-6.93069174592979,-8.64485567100265
-0.343472877145022,3.4953642195776,1.93096820602446,0.0375751723941747
-1.45842478673852,0.487830323800601,2.01971404823182,-1.92936943451197
3.81462653024345,1.14197115608193,1.03943454824521,3.61916865898755
4.72785841057855,6.78731878827318,5.49267425619452,6.63787715298955
1.77691955784427,0.984508941375997,5.67377709416793,6.84911668831997
2.46954368119221,2.95280044595677,3.0777995292629,0.0371329090498168
10.0980206968676,11.3447340041726,10.5965030598097,10.2197298537163
5.51636212023221,1.49773679549089,3.98707384198869,3.93273711977886
-3.36954087805788,-2.3720600123449,-4.5859307389859,0.0641737795212244
4.09792605109849,5.73429714134013,7.32234038472409,6.35644852993691
4.60928655027546,3.20857254018374,1.52457176292974,7.49692607982177
1.7379611937983,4.23941499335036,1.02153029478517,3.73841890737372
-2.55767402570558,-6.76563447036368,-4.57503719494291,-0.425449569268177
-2.4187441863182,-3.55293573863943,-1.87775244586986,-1.1463176180064
-4.52205293162262,-2.87341877423711,-1.9185996926139,-3.11042642360735
-0.153617231315749,-5.84007337740408,-5.22933851435033,-1.77911181433371
-2.55634359578925,2.34776592565364,-2.663986964509,-3.07089122628781
-8.86635342333155,-4.17229277777168,-8.25737738861334,-7.1912603151043
-3.28877260693231,-2.5952981604628,-0.168070137881538,-2.21188687027213
-5.84500551090335,-14.0375016419516,-10.4973572047673,-10.1143816587842
7.54933438262304,2.31276604250447,8.29938037521562,3.90807322275187
-2.48940521554073,0.423163047933197,-0.714305469654411,-1.67536965494214
0.634982398001885,-6.94112744409503,-2.96642248045936,5.9769379396076
0.769883841245051,-0.486965008453504,3.48003846545898,3.69094909705452
-10.8600071635427,-11.9588394822883,-13.8347679665285,-15.2289172635651
-1.18306400275221,0.125040929509662,-6.58891697181235,-1.9783900850032
0.797949107388753,0.337883781465806,6.61932515455738,1.1255686360215
-12.8039234316543,-14.0854534535898,-11.9862631934049,-13.5354697817954
-16.2429491514085,-13.9008355059708,-16.1140816218616,-18.7402728644043
-6.31825284604313,-9.61825239040965,-7.46720382579963,-3.24655969918952
-7.7169452995166,6.0887511343065,7.80988615369364,9.71593840865579
11.2845310038419,2.81274879268306,-2.24049972979481,-6.79930024465182
1.62273767291936,2.46237077497122,-6.82243670261692,4.34916278897119
2.39693642453944,-0.14746246628448,2.77066297474266,1.21225871574286
19.3394317287067,27.0542158389632,19.0240800929293,21.8660105705779
8.57922785461987,2.30458298520747,2.48851770741952,3.28981999866421
-1.13348276039866,-3.99416106394494,-4.29744174241146,-0.224279728420847
2.61986055800593,7.24638244722963,10.5669837046019,9.93031536616892
6.78500017164033,9.16942703234705,6.10598180849874,4.06163411818079
7.41827174214721,7.71902268678784,7.85355144139054,-0.092598559064961
1.80433938913808,5.84673474617813,2.43001268806442,5.7990320313509
2.47020563340394,1.03841789668314,1.4993324204896,1.28613600669648
1.34596768059585,0.592832242078008,5.33333215679074,2.26761782919691
6.92845625740115,2.40117730186351,0.0430321863454206,1.13223821175451
-0.232515619379028,-1.26319644798893,-0.65695917163371,-0.912139096621917
10.6416609686584,8.03113054391242,9.44746066314317,10.078187303085
-0.627536195793111,0.893037013721131,-1.52730150436613,7.23745950637217
-5.93278903130309,-5.54885956523157,-7.49668722748075,-7.34248887651186
-3.43584721749358,-2.81684778565707,-1.15842294481336,1.16813652371038
1.72947792284733,3.65172080241562,6.84455838622237,4.17086268486833
-4.71535659915436,-2.96614537295636,-3.12652526248145,-4.21420182182448
9.15447849202807,14.890564398542,13.1057415437637,10.2895450205054
0.569705995097559,-0.248220494898565,2.51326813449505,-0.096310725418379
-0.456182453100763,-1.82503234638992,0.210105152625006,3.45599944182685
6.31417305608743,13.598866759112,13.0026894408412,5.82735773120658
3.06429146794617,-2.85357700680063,-2.28541593010556,-2.62019650006979
-2.25850462072818,-4.13291361341634,-1.93647998532402,-0.712548786921405
5.14552890365048,4.95885103130477,7.68308209207202,1.77773404976977
2.80109320344183,-0.303433658789629,2.40327942723979,4.40234190004146
-3.18201628742972,-0.946248108767068,-0.74603495314837,-2.52182603545724
-5.06805357106622,-3.4728049224495,-4.0752811162594,-2.9152287412156
-4.33373394271025,-4.55937522377642,-3.21636902853916,-5.92309046345385
-10.4241863302833,-5.49361456010784,-8.90812838690553,-9.99047222766898
-7.80542133113679,-7.6627694600205,-11.0714029833718,-6.97323772298583
5.77161782290664,8.47542381253528,12.7941196470242,10.9942326217198
-4.90523851046317,-2.00380564593361,-0.747296391417175,0.000697969888896653
1.55748779032826,4.06180184604626,2.36919102875956,0.220567591711374
12.2373694853619,6.71610924859616,7.94324657088699,8.82910278994867
5.29758924445445,5.06172873779208,2.11706705369325,4.19733796504609
0.779716758334256,-1.57297807006857,-0.82724939058014,-0.419724452631808
-0.652432419874,2.04126203688446,0.720489073033826,-0.256951756545745
-6.08671550134694,-2.00520243809409,-7.57602260244728,-8.01100226453305
-2.72789031045798,1.29434051385823,0.0478820216924562,0.274743784014391
0.704378095772025,1.54482655963749,3.93114671456723,4.37533178297017
-0.735344232669079,-0.406176214677262,-4.33418576806282,-2.09916964737306
1.89308238754331,5.58379294144417,1.82255740790869,3.24319544938613
-4.70952268096489,1.37123978023508,-0.930766506634079,1.50148357273595
-0.404771313441024,0.994287301925324,6.7677270850389,4.97718945553614
4.61469948680885,3.27303982560116,2.0967541631768,2.16642231934709
8.38935204743986,3.32307214102266,3.37873486249838,2.28754618484595
6.09402414207257,8.7573716123749,4.16202418754893,2.53234399758991
1.4198882677134,0.491411453427983,-0.397615674266229,1.07502385285002
-1.36181154208215,1.91130654543699,1.982347396432,0.615761172486199
1.25708459924238,1.86117771736705,1.44751141330184,2.39660928080497
-0.862095400319809,-2.60534455531043,-4.94059342899294,-4.82361015120952
4.28708115461621,6.22978223393752,6.46239837080728,7.30423700877585
3.10543785061421,1.26606304705573,0.772727228776601,-1.29264264822235
6.34514985986184,5.91707078123327,2.11820200229362,2.91390172284866
3.10021739391425,2.1074434469646,0.739525743741774,-2.01264151655616
3.23427762162692,3.93256902809225,2.31095885560356,1.85127999296969
1.85810008489263,3.7039738377075,-0.346418578430419,0.0198119070237387
2.71992908281297,-0.325061598007295,0.84946863711941,-0.906207528079085
5.38267242705308,8.9668304461813,7.06288795124902,4.62641858143217
-1.23457890349068,0.370763284120119,1.13512507486015,1.16961569807654
0.910550680350344,3.31581544218819,4.71933237648383,2.71683325755422
4.39564095959272,2.90894722534958,5.17314307121101,2.06197778377502
-0.0707766374570355,-0.0992832272150562,-0.799526843023146,-2.30040587969904
-0.425970151873219,-0.583405827000246,-1.48721612825,-1.18674125799854
-0.268351931340813,-0.870250608073047,-0.295265556279265,0.404855193946779
-1.88700260261409,-1.06596993604583,-1.74869846908635,-1.3670036526711
-1.62495531095681,3.50871740434697,4.44614755884255,1.08616509363859
2.02543007588186,4.25798830026714,2.63551848460227,3.35132750455514
0.539813977701441,6.35346860868156,0.371503938746108,1.90594190673284
4.43624717132476,6.85854273674407,5.52947610609295,9.18639844873233
10.2030725128629,11.3977790450478,8.57039229597123,8.83224886640086
1.4807565756555,-2.52089869590793,-1.7167727524227,0.405041151552798
2.60690857901708,1.75856415053362,5.26555286111528,0.783444726512491
2.5059046407681,0.221826766093938,-2.72877523998248,0.338182847258027
-4.93603402740409,-6.27972513252313,-6.32881910462174,-6.94515172376927
5.41082198235709,8.04122473832937,6.03499247079153,4.31385120830982
-4.09557442664569,-1.59836865151966,-2.73726051110164,-6.62238157981047
-2.22013926964117,0.503694615039546,-1.55093280102296,-3.89943467734197
7.18641353555956,7.63148373342536,9.53373308069524,7.1434994686622
6.57319555201293,3.44053484224298,4.32663388298312,3.33432148052039
2.52723043559462,-5.0643534727346,-1.16932312227844,-5.23075526950926
-6.22878717813043,-3.96027699934165,-4.35545947811373,-7.31270542892726
-0.664427078955864,1.19089893492235,5.06943032877368,1.76694932277752
4.15423757102299,5.47026239302272,3.02728130913343,3.95523537505399
1.40938345460204,1.44305864972165,-2.44772548576088,1.00241611687149
3.49692439601114,3.92432406787953,1.91965697522741,2.58520008721688
-2.89215683603372,-3.37640336894826,-2.16790837079952,-3.24665419880714
9.75522060934375,7.7874181390098,8.8789102717331,5.42038654147541
6.04700949019029,2.17656447798038,2.37399712156188,0.857614606430512
2.43736738084057,0.578299554825262,2.59987710173985,1.71003024574866
-2.19471096598107,-4.01881360350152,-1.13555500001599,-1.68745747151263
1.42451033976041,-0.610642936230658,1.63676720882204,1.38473645544152
3.19264180916716,4.28539655971583,0.94557919716579,2.8939152093323
4.14241796651637,-0.709842647991835,-0.864733280510297,1.74456510289114
3.85041916447131,3.05757626505248,3.26049190927712,4.32290342586506
-0.622028923258169,-2.24808771251264,0.284257277081446,3.63526148302128
4.54102717000415,5.1409808279781,5.74230194706344,5.7227225232171
1.95577873534983,3.41004867375658,2.06153271098532,1.06044805978394
0.738977320106291,-0.808396023274249,-1.1349677292677,-2.07151740735233
-2.37175760922326,3.11269155635748,-2.84142106087352,-2.97244636365487
-1.0232793657779,-1.26067739286438,-0.431649581216106,-2.11967968070335
4.71502967093966,1.50130540589824,2.31280446838181,5.58785115718392
-0.774652874674311,-0.235658101264436,1.4320033806931,5.85779907067207
-4.53600374877065,-2.21941534220803,-1.7418961876472,-3.44574671510776
-0.8109945549374,-1.46471605819875,0.504706778606977,-0.51344506709338
3.687210547202,-1.48150995741336,1.05185703727391,2.08487154926467
-2.51290360762152,-0.738162791780462,-0.44873790727062,-0.774263902482162
-2.21364975487832,-0.0675380664233316,-2.53261936604956,-1.09221896767871
5.91763432657637,6.34557247853965,5.40853645584986,6.19170719601281
1.94973676117771,1.69213859642404,2.43868847878918,-1.52018797672774
-0.513176271227847,-1.33287716173642,0.608734145833442,-0.345742762495066
5.1690497148878,2.89864668408183,5.41526722399874,2.63882473495019
2.24694203582585,1.99464442169425,2.5576194969059,2.50154689579008
1.57104124478464,-2.30981959309225,-1.47626604155592,0.389511788701054
-5.50634246143915,-9.39692310893215,-4.75375700575754,-7.23021980725193
-3.24125660294757,-0.609818177537269,-0.514449516059087,-1.95711463952062
-5.31632670613139,-4.9099693004669,-3.75551318832527,-5.24320142102935
6.68257893226214,3.75839737055156,9.47530759787253,8.39867511973804
3.50945372301207,1.71412428402018,6.67402069534298,4.23914116688299
0.56234485067016,0.654871283631131,2.57308232366106,2.96697369860654
3.98845497303855,4.16575660817205,7.37818293780311,6.09182061679375
-1.049319197201,0.867678998409476,2.39154883909614,-6.15545948802713
3.1784064199427,4.00545753807845,4.66459391742943,7.04512411789264
1.68070632537174,3.8438728775048,1.22528334850986,0.821883694795858
-3.74885037044462,2.33800562821198,1.98144259163592,-0.819053946355054
1.9253182605697,0.133964524744333,1.27719421766461,1.78659178529414
3.0126651861455,0.597775987169127,3.82370318408121,2.30978589936258
5.13836548182979,6.39224088693185,4.04819470337099,1.71635425179066
3.60789823368126,7.71724879711026,5.30599538722572,1.92594688453081
