date,factor_unboosted
1999-06-04,0.0638308270492964
1999-06-15,-0.0322582968920016
1999-06-30,0.0833064129334862
1999-07-16,0.00381844771552211
1999-07-30,-0.00252369307605961
1999-08-31,0.0121602878390186
1999-09-30,-0.0129856643349873
1999-10-29,0.109710320813941
1999-11-30,0.139238871572422
1999-12-22,0
1999-12-28,0
1999-12-29,0
1999-12-30,0.203629186418723
2000-01-21,-0.0980000000000001
2000-01-26,-0.103225806451613
2000-01-31,0.0542096590420518
2000-02-18,-0.0599884637569699
2000-02-29,0.210967819323814
2000-03-21,-0.168421052631579
2000-03-31,-0.0719843425266269
2000-04-26,-0.0036496350364964
2000-04-28,0.00349457404806028
2000-05-10,-0.0232364087985853
2000-05-15,0.0333333333333334
2000-05-31,-0.0493791485403282
2000-06-14,-0.0784313725490197
2000-06-30,-0.062117733917494
2000-07-14,-0.00740740740740742
2000-07-31,0.0115838895467385
2000-08-11,-0.0909103059896994
2000-08-15,0.0167423502888592
2000-08-31,0.0163314171254033
2000-09-25,-0.159999906945444
2000-09-28,0
2000-09-29,-0.127961078539164
2000-10-02,0.0112360947742971
2000-10-06,0
2000-10-16,-0.158421690867821
2000-10-31,-0.043980882619725
2000-11-09,-0.00139293071570642
2000-11-17,0
2000-11-30,-0.0930157097968912
2000-12-01,0
2000-12-29,-0.035500995239922
2001-01-31,0.0900353030348924
2001-02-16,0.0465116279069768
2001-02-20,0
2001-02-28,-0.129975957670021
2001-03-30,-0.164948790139141
2001-04-30,0.14511649615189
2001-05-11,0
2001-05-23,0.0349364018162319
2001-05-31,-0.0017607769519652
2001-06-29,-0.0645879605536618
2001-07-05,-0.0186922314448784
2001-07-06,-0.143835616438356
2001-07-20,-0.070350390944999
2001-07-31,-0.0180257806136946
2001-08-03,-0.0026004403468096
2001-08-30,-0.133333333333333
2001-08-31,-0.083661894094094
2001-09-28,-0.124549473023376
2001-10-31,0.0980062191454996
2001-11-30,0.138337604412012
2001-12-14,-0.0489130434782608
2001-12-28,0.00617722071797524
2002-01-16,-0.242424242424242
2002-01-17,-0.0347863648478498
2002-01-25,-0.0114068441064639
2002-01-31,-0.0797302775480045
2002-02-19,-0.163793103448276
2002-02-28,-0.00389334019637069
2002-03-28,0.0283094067552342
2002-04-30,-0.117705985844655
2002-05-27,0
2002-05-31,-0.0785945474825258
2002-06-07,-0.037028828109993
2002-06-11,-0.0953368312983756
2002-06-20,0.00248138957816368
2002-06-28,-0.0786699296754006
2002-07-18,-0.0827922077922078
2002-07-31,-0.0880390181338635
2002-08-30,-0.0238034614824417
2002-09-30,-0.173180953304731
2002-10-15,-0.11280487804878
2002-10-31,0.167714688761569
2002-11-29,0.141267705429941
2002-12-30,-0.128325662044624
2003-01-31,-0.0176453002622223
2003-02-28,-0.0325550901402879
2003-03-05,-0.124331815482083
2003-03-28,-0.0425531914893617
2003-03-31,-0.0329518313584277
2003-04-17,-0.0823529411764706
2003-04-30,0.141958266615348
2003-05-30,0.0156960257992552
2003-06-30,0.0581537619697653
2003-07-04,0.00649350649350655
2003-07-25,0.00869565217391299
2003-07-31,0.083090964107194
2003-08-29,0.034111213911403
2003-09-01,0
2003-09-30,-0.0417081708055521
2003-10-31,0.0897971381872114
2003-11-19,0
2003-11-21,-0.00709219858156029
2003-11-28,0.00258518107738645
2003-12-05,0
2003-12-18,0.0500512857218633
2003-12-30,0.0253411037004209
2004-01-28,0
2004-01-30,0.0801287044707005
2004-02-20,-0.0248985433507716
2004-02-27,0.0527360804707423
2004-03-31,-0.00879286448842592
2004-04-30,0.00568809766614827
2004-05-28,-0.00325469317142514
2004-06-30,0.038857033011364
2004-07-16,0
2004-07-30,-0.0112044656255269
2004-08-19,-0.111111111111111
2004-08-31,-0.0153173926933914
2004-09-03,0.0118694362017804
2004-09-30,0.0413725014380719
2004-10-22,-0.0156128270528722
2004-10-29,-0.00409077357282092
2004-11-25,0.0958909046824878
2004-11-30,0.0617602555325802
2004-12-02,-0.0370434451615136
2004-12-30,0.00285562671007411
2005-01-14,0
2005-01-31,0.0102331401775641
2005-02-28,0.0411858016204659
2005-03-31,0.00104830501708274
2005-04-25,-0.0518018018018019
2005-04-29,-0.0122319114692652
2005-05-27,0.196261682242991
2005-05-31,0.0680005781291027
2005-06-17,0
2005-06-30,0.0483928351713644
2005-07-29,0.0481400565559389
2005-08-31,-0.00993271007568059
2005-09-30,0.0603081430320464
2005-10-25,-0.00393700787401574
2005-10-31,-0.0317037307012209
2005-11-30,0.039944091997148
2005-12-30,0.0546224129446043
2006-01-23,0
2006-01-31,0.0183316698244119
2006-02-28,0.026311000189758
2006-03-31,0.0719678896398475
2006-04-18,-0.0535714285714285
2006-04-28,0.00621084967727069
2006-05-26,-0.110671936758893
2006-05-31,-0.0808182398638428
2006-06-30,0.00731319207171781
2006-07-19,0.0837004405286344
2006-07-31,-0.0203867033770117
2006-08-25,-0.4375
2006-08-31,0.0460928590332824
2006-09-06,0.00638977635782756
2006-09-29,0.0637866509133597
2006-10-31,0.0560068500435927
2006-11-24,0.00778210116731515
2006-11-30,-0.00402389355185164
2006-12-22,0
2006-12-29,0.0891778100744869
2007-01-12,0
2007-01-31,0.0315090053574528
2007-02-28,-0.0205842553091389
2007-03-02,0
2007-03-30,0.0615465980756125
2007-04-30,0.0691582827469823
2007-05-31,0.02706705060237
2007-06-29,-0.0206339255075883
2007-07-31,-0.0231743323175951
2007-08-02,-0.0039999790759595
2007-08-30,0.0104712041884816
2007-08-31,-0.0189025367905091
2007-09-28,-0.00681839402196589
2007-10-31,-0.0319894603811786
2007-11-28,-0.311913778036703
2007-11-30,-0.0787592333380548
2007-12-21,0.0102389078498293
2007-12-28,-0.0180655610914291
2008-01-18,0.00809720148091074
2008-01-31,-0.113816061798599
2008-02-29,0.0317246223558499
2008-03-20,0.0142630744849446
2008-03-31,-0.0195225994060924
2008-04-30,0.0516603981161423
2008-05-30,0.0339663937806709
2008-06-19,0
2008-06-30,-0.151299855029919
2008-07-31,-0.012007398413495
2008-08-29,0.0146069702643974
2008-09-30,-0.135264373340231
2008-10-14,-0.83
2008-10-31,-0.170035545333016
2008-11-28,-0.0109153545665441
2008-12-12,0.225
2008-12-23,0
2008-12-30,0.0697500636632984
2009-01-02,0
2009-01-23,0.0211764705882354
2009-01-30,-0.0258503801773264
2009-02-27,0.0290770766087536
2009-03-02,0.00649350649350655
2009-03-31,-0.00428208767478249
2009-04-30,0.186838878940124
2009-05-08,0
2009-05-29,0.0256694472775519
2009-06-30,0.00957378606287032
2009-07-09,0
2009-07-31,0.089242434905493
2009-08-03,0
2009-08-31,0.0206851002521797
2009-09-29,-0.0721311475409836
2009-09-30,0.0171785443189248
2009-10-30,0.0511819758639026
2009-11-30,0.00320650817095321
2009-12-03,0
2009-12-30,0.0153222801631122
2010-01-12,0
2010-01-29,0.0217829067243943
2010-02-26,-0.00759975401982899
2010-03-31,0.0922404479599289
2010-04-30,0.0565458676595341
2010-05-14,-0.043859649122807
2010-05-31,-0.0666084346815759
2010-06-04,-0.0941159420289855
2010-06-07,0.043956043956044
2010-06-30,0.0146452118511937
2010-07-30,0.0300974110616379
2010-08-31,-0.026370958843203
2010-09-10,0
2010-09-17,0.0144927536231885
2010-09-30,0.0901446108460271
2010-10-29,-0.0014144714416052
2010-11-30,0.0281840638110067
2010-12-23,0.00334448160535117
2010-12-30,0.0633695990787627
2011-01-31,-0.0261005688920959
2011-02-22,-0.00884955752212402
2011-02-28,-0.0140200781207175
2011-03-08,-0.294605809128631
2011-03-25,-0.053968253968254
2011-03-31,0.0280713502674393
2011-04-01,0
2011-04-21,0.00811213289677482
2011-04-29,0.0467069112714771
2011-05-31,-0.0152911426330573
2011-06-30,-0.0265572328890234
2011-07-01,0.00684931506849318
2011-07-15,-0.0548780487804877
2011-07-29,-0.0573815408701634
2011-08-31,-0.0978619089563701
2011-09-27,0.0555555555555556
2011-09-30,-0.0621281135055661
2011-10-06,-0.714285714285714
2011-10-12,0.0287356321839081
2011-10-31,0.0921037137040096
2011-11-30,-0.00202924751220029
2011-12-30,0.0115664074467075
2012-01-31,0.0578532290024724
2012-02-29,0.0525744566039802
2012-03-02,0.0233863423760523
2012-03-09,0
2012-03-30,-0.00976348916637484
2012-04-30,0.000917228298634556
2012-05-29,0.0184494133803028
2012-05-31,-0.0641891339727998
2012-06-08,0.00406504065040658
2012-06-21,0.00306748466257667
2012-06-29,0.0184235721931283
2012-07-31,0.0344458042660526
2012-08-31,-0.0219999262541828
2012-09-21,-0.0344036697247706
2012-09-28,0.0207028288929507
2012-10-31,-0.00297228720439264
2012-11-30,0.0385552484234838
2012-12-28,0.0224843381538202
2013-01-31,0.0346227542725422
2013-02-28,0.0323990742274263
2013-03-28,0.00690187127585692
2013-04-24,-0.0888317813520377
2013-04-26,-0.166666666666667
2013-04-30,0.0124943869551406
2013-05-15,0.0357896699831177
2013-05-21,-0.00735294117647056
2013-05-30,-0.120804865230122
2013-05-31,0.0189123092368874
2013-06-04,0
2013-06-27,-0.0136373382082445
2013-06-28,-0.0471634200163074
2013-07-10,0.0134500297405891
2013-07-31,0.0689013398440723
2013-08-30,0.000772997310122388
2013-09-30,0.0529164484310463
2013-10-18,0.00445103857566775
2013-10-31,-0.00700043901036678
2013-11-29,0.0244221991525169
2013-12-09,-0.0164458490967497
2013-12-30,0.0103976570157938
2014-01-20,-0.0135697726212564
2014-01-31,-0.0133081912743345
2014-02-28,0.0616570567384164
2014-03-31,0.00134587811384599
2014-04-14,-0.0101269337415626
2014-04-17,0.0154423683986007
2014-04-29,-0.0129885499570993
2014-04-30,0.0160115961286767
2014-05-05,0
2014-05-07,-0.0444912573227831
2014-05-09,0.109549394214634
2014-05-16,0.0169115146053005
2014-05-20,0.337566803943314
2014-05-22,-0.0402498614679361
2014-05-30,0.0389430156669276
2014-06-05,0.00380602871460285
2014-06-12,-0.0165635454683698
2014-06-30,-0.0152611469484923
2014-07-04,0.0419014198286535
2014-07-31,-0.0093451088431095
2014-08-29,0.00661449406563618
2014-09-24,0.117318591147735
2014-09-30,-0.00782709096023415
2014-10-03,0.00444444444444447
2014-10-31,0.0101899305005286
2014-11-24,0.103676373458999
2014-11-26,-0.00869253461537933
2014-11-28,0.0390919170576313
2014-12-10,-0.0940172141719941
2014-12-18,4.31533448907928
2014-12-19,-0.0153846153846154
2014-12-30,0.0138137227695909
2015-01-30,0.0798059608643941
2015-02-27,0.0826891281786714
2015-03-31,-0.00123446373080636
2015-04-02,-0.646666666666667
2015-04-09,0.0250010219258112
2015-04-16,0.0274435055064293
2015-04-30,-0.000229967437335607
2015-05-07,-0.0260278431013532
2015-05-08,0.00796322549749418
2015-05-11,0.016947716947717
2015-05-13,-0.0135940498206606
2015-05-15,0.00462249491347314
2015-05-19,-0.0424892542647557
2015-05-22,-0.0163591110299227
2015-05-25,0.00367524223187443
2015-05-26,0.198069940199283
2015-05-29,0.00321024251679382
2015-06-08,-0.0314778312402626
2015-06-22,-0.0567018931042348
2015-06-30,-0.0707857496846723
2015-07-13,0.00398406374501992
2015-07-17,0.00574712643678166
2015-07-31,0.058571690891354
2015-08-25,-0.0314486017573966
2015-08-31,-0.0603129509432129
2015-09-11,0.0066666666666666
2015-09-15,-0.00502512562814073
2015-09-25,-0.0440508794989554
2015-09-29,0.415135396518375
2015-09-30,-0.0389189994610533
2015-10-02,-0.0183683046188913
2015-10-23,0
2015-10-30,0.0772138546813978
2015-11-30,0.0310529066750588
2015-12-21,0.00430415401992179
2015-12-30,-0.0431203768523999
2016-01-15,-0.6
2016-01-29,-0.070259574357288
2016-02-04,-0.289411764705882
2016-02-19,-0.0120481927710843
2016-02-22,0.00473933649289093
2016-02-29,0.0262173895973876
2016-03-31,0.0243367606554645
2016-04-07,-0.00999992177375397
2016-04-27,-0.12393166382755
2016-04-29,0.00329975478408744
2016-05-03,0.0336290958421261
2016-05-10,0.00444433174200443
2016-05-16,0.00279325235029471
2016-05-18,0.0207301564085548
2016-05-25,-0.0955764730123661
2016-05-26,0.0886865283116661
2016-05-31,0.0171336475734918
2016-06-08,-0.00806451612903225
2016-06-30,-0.0251679177174377
2016-07-20,-0.0048076923076924
2016-07-29,0.0566210433863192
2016-08-23,-0.0225563909774436
2016-08-31,0.013262712717489
2016-09-30,0.0117090726066319
2016-10-03,0.0069433454660548
2016-10-07,0
2016-10-31,-0.024832990231575
2016-11-30,0.0177062899008395
2016-12-30,0.024695339979015
2017-01-31,0.00934419614972691
2017-02-28,0.0345355655614124
2017-03-31,0.0239441959023901
2017-04-05,0
2017-04-10,0
2017-04-28,0.0455941508342312
2017-05-03,0.00585091598675724
2017-05-15,-0.115727487946451
2017-05-18,0.00278680910357654
2017-05-30,0.0850229374153217
2017-05-31,0.014517635739361
2017-06-02,-0.0115266078331078
2017-06-07,-0.0629370202132827
2017-06-09,0.000545256270447103
2017-06-14,0.11271740239316
2017-06-19,0.0546047170542208
2017-06-22,-0.0384872205226468
2017-06-30,-0.0149011572380258
2017-07-31,-0.034026698400838
2017-08-04,0
2017-08-31,-0.0109965398976706
2017-09-07,0
2017-09-29,0.0584557164326332
2017-10-02,0.0400033461602811
2017-10-04,0.0459145861318264
2017-10-05,0.000572901747350363
2017-10-31,0.0353375064071993
2017-11-24,0.00497685346085941
2017-11-30,-0.0371083295466263
2017-12-13,-0.024800270573225
2017-12-22,0.0625
2017-12-29,-0.0126133025782822
2018-01-03,-0.00250626566416046
2018-01-10,-0.00331289766795773
2018-01-15,0.0145419068004783
2018-01-19,0.000878734622144162
2018-01-24,0.0905720528710106
2018-01-26,0
2018-01-29,0.0277736269408937
2018-01-31,0.0143641146667974
2018-02-28,-0.011979945838179
2018-03-29,-0.014769697506593
2018-04-04,-0.0251759866506267
2018-04-23,0.134474924139614
2018-04-24,0.00166666666666671
2018-04-25,0.094802500332491
2018-04-30,0.0621632597168655
2018-05-07,0.053677169341469
2018-05-08,0.0283306215948845
2018-05-15,0.058308452521024
2018-05-16,0.0217724952707283
2018-05-22,0.0127707467761826
2018-05-23,0.066305202229527
2018-05-25,0.0669518968404456
2018-05-28,0.0473043428661882
2018-05-31,-0.00337985997654564
2018-06-12,0.0331456228744889
2018-06-15,-0.0316455696202531
2018-06-29,-0.00376542406514265
2018-07-31,0.0300779094141037
2018-08-31,0.0266500793067038
2018-09-28,0.00482732770892648
2018-10-02,0.0966391276205545
2018-10-08,0.148225469728601
2018-10-26,-0.166666666666667
2018-10-31,-0.0551843746141753
2018-11-01,-0.00210084033613456
2018-11-13,0
2018-11-28,-0.00307369302839297
2018-11-30,-0.0205073635467609
2018-12-28,-0.0595236790696529
2019-01-31,0.0944358735118481
2019-02-15,-0.00144717800289429
2019-02-28,0.0444541196174528
2019-03-06,0.000909090909090748
2019-03-22,0
2019-03-29,0.0302370767475302
2019-04-05,0.0299995065870629
2019-04-30,0.0638916419671805
2019-05-07,0.00344827586206886
2019-05-14,0.0324480102024296
2019-05-21,-0.00497047970479714
2019-05-22,-0.11930009552369
2019-05-27,0.218129768516583
2019-05-31,-0.0538238708592463
2019-06-03,0.0272108248654763
2019-06-10,0.102564890185839
2019-06-17,0.086418891383103
2019-06-18,0.00909748586877971
2019-06-28,0.0657940857712319
2019-07-01,0.00910253619244594
2019-07-04,0
2019-07-26,0.00309597523219818
2019-07-31,0.00692468224495258
2019-08-30,-0.00997799328346434
2019-09-30,0.0189812624144945
2019-10-01,0.0384617250922361
2019-10-30,0.00300601202404804
2019-10-31,0.0372903861096918
2019-11-01,0.0125942350874961
2019-11-12,0.0169823260851029
2019-11-29,0.0246770512787726
2019-12-04,-0.0127657065716317
2019-12-30,0.0317061072266155
2020-01-09,0.0359281437125749
2020-01-10,0
2020-01-14,0
2020-01-30,0.833333333333333
2020-01-31,0.01903046174209
2020-02-12,-0.0178384050367261
2020-02-28,-0.0819077653239704
2020-03-31,-0.120511684748027
2020-04-17,-0.017353579175705
2020-04-20,0
2020-04-30,0.0709441318120733
2020-05-08,0.037037037037037
2020-05-26,0.0870970198202192
2020-05-29,0.0563422499443001
2020-06-30,0.0192903848813963
2020-07-15,-0.081083272520879
2020-07-31,0.0357537640689672
2020-08-24,0.117839607201309
2020-08-31,0.0455593965520119
2020-09-04,0
2020-09-14,0.0120532022655333
2020-09-30,0.05223458357454
2020-10-02,-0.0303027392439857
2020-10-06,-0.0154701273091491
2020-10-30,-0.0621849886364706
2020-11-09,0.0726477064390598
2020-11-13,-0.00277392510402208
2020-11-30,0.115232460000561
2020-12-04,0
2020-12-09,0.002
2020-12-11,0.0595238095238095
2020-12-16,-0.0117647058823529
2020-12-18,-0.0233766233766234
2020-12-23,-0.0161953626821244
2020-12-30,0.0182047916043443
