date,rm,rf,rm_rf,smb_ew,hml_ew,mom_ew,smb_vw,hml_vw,mom_vw,rolling_vol_daily,rolling_vol_annualized,rolling_vol_annualized_pct,inflation
1997-09-30,0.0704532557376619,0.0031947222222222,0.0672585335154397,0.0178936341219201,0.0012702838303152,0.0163514820644156,0.0287845603590389,0.0109832296206026,0.0352477361222013,0.0327276387324079,0.1133718661925793,11.34,0.658410256243514
1997-10-31,0.0455769254755061,0.0030022222222222,0.0425747032532839,-0.0075010437350815,0.0509933575511211,-0.028581718739358,-0.0042799965350405,0.0666002002792492,-0.0498419107640953,0.0323790125776832,0.1121641897669182,11.22,0.658410256243514
1997-11-28,0.0376259218645931,0.0035219444444444,0.0341039774201486,-0.0278862374317657,0.0233763018369745,-0.052961718922478,-0.0412716413635245,0.003081246326264,-0.0475441860612421,0.0318626322458826,0.1103753958255025,11.04,0.658410256243514
1997-12-30,-0.0223084048489055,0.0033416666666666,-0.0256500715155721,-0.0105651151479315,0.0046609378040505,-0.0167468277723197,-0.0099543339271408,0.0150930187046829,-0.0222535343266897,0.0358703292256419,0.1242584654060692,12.43,0.658410256243514
1998-01-30,0.0645037520258402,0.0035133333333333,0.0609904186925068,-0.0152818461980558,-0.0047295760385084,0.0135397316446187,-0.0318468451331286,-0.005557002242195,0.0097420972529407,0.0371390835993826,0.1286535594813576,12.87,0.658410256243514
1998-02-27,0.0668890134202498,0.003375,0.0635140134202498,-0.0684895465930838,0.0033399385245302,0.0221737147327481,-0.0650881823270524,-0.0259155388443452,-0.0076937716105866,0.0372099787136863,0.1288991473613224,12.89,0.658410256243514
1998-03-31,0.0564774734269856,0.0035305555555555,0.05294691787143,-0.0313662941621169,0.0022119764879403,0.0192124606611472,-0.0195916357826358,0.0067857410892655,0.0473657230586702,0.0272661873442746,0.0944528436179503,9.45,0.658410256243514
1998-04-30,-0.0482271007759201,0.003565,-0.0517921007759201,0.0742769914541154,0.0230274043897688,-0.0114164238861448,0.0596756044626118,0.0330842035377852,-0.0439447077510121,0.0383987923388751,0.1330173185604367,13.3,0.658410256243514
1998-05-29,0.0677747430763419,0.0033583333333333,0.0644164097430086,0.020070030836699,-0.0108109327229668,0.0688574151991815,0.0015900614802649,-0.0121858045054637,0.0464294874789716,0.0393624911787309,0.1363556692680874,13.64,0.658410256243514
1998-06-30,-0.112190642896175,0.0035563888888888,-0.115747031785064,0.0102612742278789,-0.0393052714194516,-0.0018777241643688,0.0312667996952266,0.0066514420291915,0.0111400874551355,0.0590795915428552,0.2046577084852838,20.47,0.658410256243514
1998-07-31,0.0492101444439535,0.0034583333333333,0.0457518111106202,-0.034975040628965,-0.0404408922302946,0.0204670432514409,-0.0273017017091257,-0.0222931030448137,-0.109600324029922,0.0572116072561933,0.1981868211008061,19.82,0.658410256243514
1998-08-31,-0.0081570624194413,0.0037458333333333,-0.0119028957527747,0.0066214775074316,-0.0281776019625981,0.0482713761275789,0.0208030641871178,0.0068228525183557,-0.0242066241109323,0.0579222707275484,0.2006486315797468,20.06,0.658410256243514
1998-09-30,0.0347660692459989,0.0037372222222222,0.0310288470237767,-0.0184994872223221,0.0088380827472707,-0.0332473020151682,-0.0154303434583426,0.0141341169213609,0.0122852394396818,0.0560860036296926,0.1942876157602402,19.43,-0.267132668355006
1998-10-30,0.0757639355853604,0.0032511111111111,0.0725128244742493,-0.0176457130041462,-0.0093981220820316,0.0407578999910354,-0.0305549893449859,-0.0199696536896678,0.0703705263416308,0.0580153883898709,0.2009712006241961,20.1,-0.267132668355006
1998-11-30,0.0667871522991365,0.0038405555555555,0.0629465967435809,-0.0271467583524937,-0.0254724510719174,0.044473227739239,-0.0035571233954646,0.0075032981490825,0.0507142098110253,0.0593105167111853,0.2054576567338719,20.55,-0.267132668355006
1998-12-30,0.0268287967798026,0.0036666666666666,0.0231621301131359,-0.0298245668951263,-0.0395653911393711,0.151925240846429,-0.0086315024481552,-0.0367380392052067,0.154289770227249,0.0574846085509614,0.1991325253269471,19.91,-0.267132668355006
1999-01-29,0.0402624735355238,0.0038836111111111,0.0363788624244127,-0.0044915338082995,-0.0642263747559989,0.114207097319015,-0.0165414608371799,-0.0501725472410425,0.0992830969385703,0.0565074924054997,0.1957476957092761,19.57,-0.267132668355006
1999-02-26,0.0092111794710402,0.0035666666666666,0.0056445128043736,-0.0030666611942185,-0.0332168008776466,0.0534233198447053,-0.003418055982559,-0.0348702285868661,0.0755920665675445,0.055167489053136,0.1911057879320628,19.11,-0.267132668355006
1999-03-31,-0.0044845912441934,0.0035822222222222,-0.0080668134664157,0.012122064434612,-0.0680220605692821,0.142684098860783,0.0140411610594013,-0.0368993710191512,0.174603476000192,0.054455400909113,0.1886390422422325,18.86,-0.267132668355006
1999-04-30,-0.144304646798472,0.0035994444444444,-0.147904091242916,-0.0115632339189691,-0.0063644731289327,0.0130836652335866,-0.0181195121008725,0.005789679334409,0.0637555446412662,0.0697494960970362,0.2416193420847878,24.16,-0.267132668355006
1999-05-31,-0.103158715468398,0.0035,-0.106658715468398,0.0066827214433783,0.0279477467006387,-0.019637671626707,0.0370994373236042,0.0478982184503482,-0.0148386762957141,0.0738319114106048,0.2557612435661839,25.58,-0.267132668355006
1999-06-30,0.0442110847339132,0.0036511111111111,0.0405599736228021,-0.0657360445638126,-0.0340015105234481,0.0377873763236448,-0.0678381301239474,0.0005262618105587,0.0070334084902166,0.0668202379302613,0.2314720941381072,23.15,-0.267132668355006
1999-07-30,0.123017840366418,0.0032916666666666,0.119726173699752,0.0584545381247963,-0.0652921252020564,0.0044591791199769,0.0121058267204641,-0.104498017056485,0.101506102349488,0.0740784364634829,0.2566152314000307,25.66,-0.267132668355006
1999-08-31,-0.0139412416802232,0.0031344444444444,-0.0170756861246677,0.0025786441590013,-0.0263917300664338,0.027754665323231,0.0149370497619774,-0.0167632445112309,0.0688781569627309,0.0742310094754779,0.2571437598173092,25.71,-0.267132668355006
1999-09-30,0.0239834331749279,0.0029794444444444,0.0210039887304834,-0.0152583821412856,0.0136312975760953,-0.0105004517928165,-0.0486172027811358,0.0373820493084429,-0.0081261517067861,0.0740210227666175,0.2564163445199882,25.64,0.462175756339173
1999-10-29,0.0147036651162285,0.0024422222222222,0.0122614428940063,-0.0082960211142856,0.0743784636311705,-0.120741256319832,0.0097727765144906,0.0660038815607339,-0.0336382926283854,0.0712782797392013,0.2469152039688081,24.69,0.462175756339173
1999-11-30,0.0263827642369599,0.0027727777777777,0.0236099864591821,-0.0412010800835786,0.0803079329863395,-0.126274121242865,-0.0526396362932567,0.102890109876938,-0.177685183761534,0.0691690611951802,0.2396086566037862,23.96,0.462175756339173
1999-12-30,0.0618784669103015,0.0024,0.0594784669103015,-0.0265548312529388,0.0590877268391298,-0.0730657855353753,-0.0310412332163827,0.0523290143131973,-0.0390948975608586,0.0710334471919679,0.2460670791464984,24.61,0.462175756339173
2000-01-31,-0.0002773870805385,0.0024584722222222,-0.0027358593027608,0.0443650857081668,-0.0087305424782542,-0.0337016881386667,0.0465254771941813,-0.0238858351449399,-0.0457802959263039,0.070268184883314,0.2434161327470864,24.34,0.462175756339173
2000-02-29,0.0552322623792764,0.0024666666666666,0.0527655957126098,-0.0423468214125837,-0.0193390743548448,0.0970660362658638,-0.0723271079215342,-0.018586128921761,0.111294376126541,0.0719105128387968,0.2491053236702602,24.91,0.462175756339173
2000-03-31,-0.0061652872983701,0.0025144444444444,-0.0086797317428145,-0.0094950060399543,-0.0069349181945783,0.0686723987857597,-0.0311265794309741,-0.0025979706232498,0.102519913856716,0.0719200129846981,0.2491382331410211,24.91,0.462175756339173
2000-04-28,0.0191062853834288,0.0025661111111111,0.0165401742723177,-0.007754077922421,0.0020902908468489,0.0115599848105071,-0.0032222905004783,0.0024296947237943,0.0184681148218322,0.0537430425035581,0.1861713603389926,18.62,0.462175756339173
2000-05-31,-0.0011757999914062,0.0024666666666666,-0.0036424666580729,0.0565438582771502,-0.0019916719181455,-0.107345657242253,0.0425736308426366,-0.0158913892124832,-0.0692445966011986,0.0380251737369043,0.1317230657579039,13.17,0.462175756339173
2000-06-30,0.0809234241501955,0.0026866666666666,0.0782367574835288,-0.0060564742493357,-0.0408185626339558,0.0660007665889346,-0.0661826065898549,-0.0972905531136455,0.0188810934676024,0.0407788542083699,0.1412620947266813,14.13,0.462175756339173
2000-07-31,0.117943968255782,0.0026166666666666,0.115327301589116,0.148652679303933,-0.131034715034344,0.136568402148841,0.074843751212697,-0.200271298952983,0.0209464946882594,0.0399023514728628,0.1382258001849385,13.82,0.462175756339173
2000-08-31,0.162368939654696,0.0028588888888888,0.159510050765807,0.0784081744050334,-0.163348539146356,0.0365364207325187,0.0663391572951213,-0.272293752043173,0.0937518318948807,0.0520945976869019,0.1804609799871484,18.05,0.462175756339173
2000-09-29,0.0222162911091843,0.0029105555555555,0.0193057355536287,0.229899283520215,-0.0919447080444865,-0.257536299249511,0.0786353807295832,-0.140325502438133,0.0925741894581767,0.0521639409205524,0.1807011919948361,18.07,0.899143734041633
2000-10-31,0.157799287664003,0.0027952777777777,0.155004009886225,0.042433532810848,-0.206682707204675,0.167774207778813,0.0420194874943679,-0.255982946519803,0.172965464995226,0.0600694475645624,0.2080866703288335,20.81,0.899143734041633
2000-11-30,-0.0378586869377902,0.0034013888888888,-0.041260075826679,0.0665304391868762,0.114850272374874,-0.157203668829846,0.0066407755615969,0.144295117411295,-0.237694166077582,0.0658322574606992,0.2280496293977729,22.8,0.899143734041633
2000-12-29,0.0186460420477859,0.0031916666666666,0.0154543753811192,-0.0289183233152861,0.0887431248362227,-0.117923128043184,-0.0256578418212986,0.0037079730492951,-0.104950576963582,0.0664787698392755,0.2302892139726055,23.03,0.899143734041633
2001-01-31,-0.0277673552091138,0.00341,-0.0311773552091138,-0.0443835728019076,0.0675008639565062,-0.0665150029218807,-0.0123331752034605,0.060747809569086,-0.0810403249766981,0.0688513425504983,0.2385080469335841,23.85,0.899143734041633
2001-02-28,-0.0470631856197244,0.0031666666666666,-0.0502298522863911,-0.0480465630425087,0.109380718147832,-0.139672310004649,-0.0699057343310016,0.0857562542161429,-0.104659486883235,0.0738877757482112,0.2559547633083148,25.6,0.899143734041633
2001-03-30,0.008618757948091,0.0033583333333333,0.0052604246147577,-0.0286920703716094,0.0292487192753428,-0.0093662837551507,-0.0233638752183464,0.0130060092096178,0.0171432440720012,0.0732390666935717,0.2537075692243835,25.37,0.899143734041633
2001-04-30,0.0184908788313306,0.0034013888888888,0.0150894899424417,0.0188021296730701,-0.0559748523202461,0.0551943366396655,-0.0418124833520558,0.026696741431137,0.0671967497726395,0.0732762452397452,0.2538363594862318,25.38,0.899143734041633
2001-05-31,-0.0824433265690024,0.0031833333333333,-0.0856266599023357,0.0255811140135969,0.0831994652134348,-0.115596731859591,0.111430173900856,0.104243244330992,-0.0983684306428162,0.080786784325491,0.279853630063719,27.99,0.899143734041633
2001-06-29,-0.0319535842597382,0.0034186111111111,-0.0353721953708493,-0.0610399681754907,0.131843597696758,-0.0573318201537245,-0.0110441094605641,0.0966238665801986,-0.0549926578985922,0.0812213746227412,0.2813590950143464,28.14,0.899143734041633
2001-07-31,-0.0692512337683,0.0031583333333333,-0.0724095671016334,-0.0309195068858649,0.127276164776988,-0.0879990538094912,-0.0755284254058696,0.198031063968527,-0.0860180909252916,0.0792701839900327,0.2745999723921394,27.46,0.899143734041633
2001-08-31,-0.0226930156912791,0.0034788888888888,-0.026171904580168,-0.108470391649201,0.0482062788013074,-0.122399922176372,-0.0447159636160419,0.0148730201451914,0.0766918056353602,0.0626294349531567,0.2169547267763952,21.7,0.899143734041633
2001-09-28,0.0547564062643056,0.0035391666666666,0.0512172395976389,0.165308658505476,-0.0039048697372121,-0.447672278363892,0.0162265898651189,-0.0034389273678671,-0.192694736591628,0.0646777347283961,0.2240502453360881,22.41,2.40595834145438
2001-10-31,-0.107883703913967,0.0030255555555555,-0.110909259469522,-0.0748915513474008,0.205144623467008,0.248806449321945,-0.0487633818677294,0.207256182680229,0.276967982443998,0.0466668123903486,0.1616585801747372,16.17,2.40595834145438
2001-11-30,-0.129533374618797,0.0035477777777777,-0.133081152396575,-0.0221029118323688,0.0510726089728791,0.0971744503345932,0.0490258014878288,0.101706634914664,0.198393964813805,0.0553157507336245,0.1916193814589063,19.16,2.40595834145438
2001-12-28,0.122261002360838,0.003325,0.118936002360838,-0.0697057434559434,-0.0011622096897958,0.0178567795755433,-0.061833448894756,-0.009023363360605,-0.0124612085005374,0.0704344087309985,0.2439919490463246,24.4,2.40595834145438
2002-01-31,0.0078694233806397,0.0034788888888888,0.0043905344917508,0.0025569789794926,0.0544388669963572,0.0403268150141648,0.0456872737845298,0.0467940841433664,0.0627112682281936,0.0711044121638555,0.2463129090202324,24.63,2.40595834145438
2002-02-28,-0.053786205146975,0.0033416666666666,-0.0571278718136416,-0.0395119984086978,0.0442523520009845,0.277980234364578,-0.0544201352256516,0.0607465692187276,0.217422438799561,0.0713405179432933,0.2471308034321265,24.71,2.40595834145438
2002-03-28,-0.0199186587597225,0.0036597222222222,-0.0235783809819447,-0.0125024254177824,0.0367217904490958,-0.00462270687775,-0.0528910840314225,0.0320825374533106,0.116404174671442,0.0706316664141963,0.2446752697052884,24.47,2.40595834145438
2002-04-30,-0.0771579079112801,0.0036597222222222,-0.0808176301335023,-0.0350930771059097,-0.0013401882826412,0.121859865255711,-0.0385568133073701,0.0396165044931661,0.094109752399813,0.0705469718281053,0.2443818790528173,24.44,2.40595834145438
2002-05-31,-0.115902472027151,0.00355,-0.119452472027151,-0.0158684345478863,0.0150610657958852,-0.0472835507480082,-0.0371506564104078,0.0099988842050401,0.228376091269145,0.0732661434839883,0.2538013659777984,25.38,2.40595834145438
2002-06-28,0.0689939807626168,0.0031947222222222,0.0657992585403946,0.0101934708914589,0.0202696543652579,-0.128344079043343,0.0278128853274959,-0.0273522968489654,-0.136679686285782,0.0794527297994744,0.2752323296254628,27.52,2.40595834145438
2002-07-31,0.117881463063739,0.003075,0.114806463063739,0.100917518022497,0.0657284864316929,-0.257549239065717,0.0666743404356974,-0.0264580458522003,-0.346198410901139,0.08863289126094,0.3070333417713513,30.7,2.40595834145438
2002-08-30,0.0165819897538529,0.0032119444444444,0.0133700453094085,-0.0485651702479509,-0.030355000340034,0.0601551183854939,-0.0035720527864623,-0.029209232598259,0.102428508605066,0.088968231441127,0.3081949942311578,30.82,2.40595834145438
2002-09-30,-0.0592954579046629,0.0032119444444444,-0.0625074023491073,0.0051416942451424,0.0418053007196482,0.0010461087044432,0.075927923371003,0.0807204404595735,0.0258269254900034,0.0875472267627965,0.3032724896298348,30.33,2.15848213589264
2002-10-31,0.0070158187186358,0.00294,0.0040758187186358,-0.03743981614713,0.007293812142202,-0.0477079233185375,-0.0264566297780396,0.0075774081653616,0.12869374559768,0.083176296526253,0.2881311431377698,28.81,2.15848213589264
2002-11-29,0.0272965632640012,0.0033325,0.0239640632640012,-0.0075216673019247,-0.0266271316347459,0.0360443176619793,-0.0104979543738564,-0.0140663539875133,0.0018489307428415,0.0744504510708504,0.2579039278022674,25.79,2.15848213589264
2002-12-30,-0.0771047353575885,0.003375,-0.0804797353575885,-0.0528522932024222,-0.0045872368652968,0.117815417246009,-0.0040673857411202,-0.0201651302690888,0.192616482292875,0.0674541337317614,0.2336679736079127,23.37,2.15848213589264
2003-01-31,-0.059869994814666,0.0036683333333333,-0.0635383281479993,-0.0159141275359055,0.0042193316668293,0.0922921470354186,0.0210473996383423,-0.019430393491541,0.123058120772008,0.068388818861123,0.2369058178741797,23.69,2.15848213589264
2003-02-28,-0.074970218063457,0.0035333333333333,-0.0785035513967903,-0.0142043163565714,0.0502947314866364,-0.0627723618192611,-0.0055292480042609,0.0206863755914497,0.0432147821705552,0.0696501965305125,0.2412753582960106,24.13,2.15848213589264
2003-03-31,-0.109516253396015,0.0036511111111111,-0.113167364507126,0.0361822920467152,0.0384117178892713,0.0044560906891129,0.0354359093100697,0.033440949055955,0.0950165672660878,0.0742608640384796,0.2572471790572226,25.72,2.15848213589264
2003-04-30,-0.0266856771123314,0.0036252777777777,-0.0303109548901092,-0.0186808402815734,-0.0017329235937921,-0.0111876227313253,-0.0120944039011649,0.0429190240240034,0.0782856080963882,0.0726166790522606,0.2515515551908759,25.16,2.15848213589264
2003-05-30,-0.150338488090461,0.0034666666666666,-0.153805154757128,0.0308717837854464,-0.0801427598791096,0.119447331051689,-0.0573392474363775,-0.060826612957133,0.147063156968836,0.0771230522743148,0.2671620899478076,26.72,2.15848213589264
2003-06-30,0.128873190063589,0.0035908333333333,0.125282356730256,0.132396549508143,0.279338606126674,-0.626536447713884,0.0331713937733594,0.127391785808316,-0.377351285182117,0.0853180248953556,0.2955503078403645,29.56,2.15848213589264
2003-07-31,0.128262292816318,0.0034,0.124862292816318,0.077785849892391,0.0902270251896471,-0.447489478880541,-0.0019541761272018,0.113096051619413,-0.258222312799953,0.0868523386171681,0.3008653264822233,30.09,2.15848213589264
2003-08-29,-0.125078383156539,0.0033066666666666,-0.128385049823206,-0.0473365663049495,0.0179154858460365,0.213455435981245,0.0214971225192231,-0.0230954599199523,0.257183326941747,0.0908228215077112,0.3146194826762304,31.46,2.15848213589264
2003-09-30,-0.0366640414246044,0.0031172222222222,-0.0397812636468267,0.0473169592299105,0.0340415116593924,-0.0971567642140124,-0.0042752697322908,0.0297074764673828,-0.0671741112158935,0.0904570178634395,0.3133523016812854,31.34,1.92565534892391
2003-10-31,-0.0158708361966096,0.00287,-0.0187408361966096,0.008938125777571,0.0134890729900413,0.0417579877887914,-0.0081971104118731,-6.86782979215234e-06,0.114885894426885,0.0898180426374658,0.3111388265689572,31.11,1.92565534892391
2003-11-28,-0.0218276669059505,0.0031,-0.0249276669059505,-0.037878586744654,0.0458682381868753,-0.0452870892885995,-0.0490369261303593,-0.0066416163814813,0.0565540565156401,0.0879374148738064,0.3046241408953918,30.46,1.92565534892391
2003-12-30,0.149227888596838,0.00285,0.146377888596838,0.0477335021285013,0.130043981672173,-0.529140039625233,-0.056465845297969,0.0332219293677618,-0.124610373775612,0.1017701613900529,0.3525421804441122,35.25,1.92565534892391
2004-01-30,-0.0017903230763318,0.0029966666666666,-0.0047869897429984,0.072987783034301,-0.0049173412636801,-0.0670265159694567,0.0623829812548487,-0.0189847266443046,-0.041970753502111,0.1009591995322683,0.3497329261627455,34.97,1.92565534892391
2004-02-27,0.042085698633705,0.0026333333333333,0.0394523653003716,0.0456888535335646,-0.0267493001569467,-0.193747820535704,0.0334950960867861,0.0211397206985191,0.0155022378982304,0.1000933954403135,0.3467336928094121,34.67,1.92565534892391
2004-03-31,0.0700762583625724,0.0024197222222222,0.0676565361403502,0.0028248948136276,0.0304960056953534,-0.0982806432889048,0.0082813627158295,0.0146632507050593,-0.0992730748092722,0.0961059828253961,0.3329208903298559,33.29,1.92565534892391
2004-04-30,0.0361832622918523,0.0023508333333333,0.033832428958519,0.004492289215653,0.0052305984573422,-0.0395829813093687,0.0253045369694841,0.0144976694784843,-0.056397095234521,0.0955286650339773,0.3309210028361546,33.09,1.92565534892391
2004-05-28,-0.0320652540997491,0.002275,-0.034340254099749,0.110034948401658,0.0035254541379787,-0.168902757732128,0.0700889705315231,-0.0120440018770998,-0.0136052511235891,0.0816817819696389,0.2829539928483561,28.3,1.92565534892391
2004-06-30,0.0891707902752248,0.0023422222222222,0.0868285680530026,0.0237113328222681,-0.0387450589472745,-0.0538536491267591,0.0007483388466994,0.0183734557372709,0.0519385459571659,0.0780137140591124,0.2702474328750665,27.02,1.92565534892391
2004-07-30,0.0041351207141969,0.0022833333333333,0.0018517873808636,-0.0011615979678,0.0327448247388414,0.0154897150531165,0.0628550450223131,0.0112901962828563,0.0390098000930616,0.0708293889185119,0.2453602005518372,24.54,1.92565534892391
2004-08-31,0.0309896673671024,0.0023422222222222,0.0286474451448801,-0.0304731106957603,0.0021688902588542,0.0921595967000883,0.0008724757388868,0.0318757695761634,0.0768097604784656,0.0557554358845555,0.1931424955003982,19.31,1.92565534892391
2004-09-30,0.0584226633881946,0.0023508333333333,0.0560718300548613,0.268533790624137,0.0173518099687457,-0.392597280850067,0.0581060374740366,-0.0155770987001331,-0.0885695964295037,0.0526437348379305,0.1823632468789589,18.24,0.373659828721813
2004-10-29,0.0377091987053962,0.0020783333333333,0.0356308653720629,0.0502143691089002,-0.0218820647327273,-0.122676103417453,0.0201593622905835,-0.0454024254473791,-0.063542212765642,0.0502106955588729,0.1739349515826817,17.39,0.373659828721813
2004-11-30,-0.0116172324477492,0.0020925,-0.0137097324477492,-0.0183329140311156,0.0157892855536752,-0.0807809400359173,-0.0304223793458958,0.0264335168049692,-0.0910460260435473,0.0490640511972325,0.1699628589975347,17.0,0.373659828721813
2004-12-30,0.0129664276646828,0.0017458333333333,0.0112205943313494,-0.0179002316073302,0.0486023937132328,-0.129900795519544,-0.0223955196468215,0.0414988628150217,-0.0935551218268824,0.0352238042261658,0.1220188371111572,12.2,0.373659828721813
2005-01-31,-0.0119444409084166,0.0017394444444444,-0.0136838853528611,-0.024814082592796,0.0330170947656979,-0.0052392360477759,-0.0050176725721406,0.006586649011354,0.0349729112219005,0.036008650236899,0.1247376234445723,12.47,0.373659828721813
2005-02-28,0.0338570279893008,0.0016583333333333,0.0321986946559674,-0.0034067580296524,0.0067642500878966,0.0065031081518269,-0.0154793003556767,0.0207315475055613,0.0007386252193378,0.035803457074241,0.1240268134783935,12.4,0.373659828721813
2005-03-31,-0.0185436879138767,0.001705,-0.0202486879138767,-0.0398047340373256,0.0212889116344065,-0.004931403418835,-0.0368452228840763,0.0172620815484803,-0.070292610386891,0.0351237775580035,0.1216723345684191,12.17,0.373659828721813
2005-04-29,-0.0052068552593874,0.0017179166666666,-0.006924771926054,-0.008595704005494,0.042305941696903,-0.0018233952985294,-0.0233397353439854,0.0282207861114999,-0.005778704068054,0.0353207995488081,0.1223548387649833,12.24,0.373659828721813
2005-05-31,0.0326661744726251,0.0016583333333333,0.0310078411392918,0.0509631713741564,0.0078791708472789,-0.0136165057979829,0.0679470412356183,0.0096501479874069,0.0124015375723633,0.0321478380693208,0.1113633777791214,11.14,0.373659828721813
2005-06-30,-9.81770591591132e-05,0.0017136111111111,-0.0018117881702702,-0.0145724891362716,0.0071688598248081,0.0390020806922766,0.0100692991108506,0.0316333358075542,-0.0134945408279101,0.0244189407245662,0.0845896920039229,8.46,0.373659828721813
2005-07-29,0.0592536494803092,0.0016666666666666,0.0575869828136426,0.019480078508287,0.025799865044383,-0.0046020778891003,0.0641180627764819,0.0353016481511503,0.0599729175325931,0.0274860016496464,0.0952143027082193,9.52,0.373659828721813
2005-08-31,0.0066218327352483,0.001705,0.0049168327352483,0.0167952996343584,0.0090015352795681,-0.0036620172867391,0.0526066771211153,0.0244949679388411,0.0231399995477953,0.0273728398890088,0.0948222988704228,9.48,0.373659828721813
2005-09-30,0.0069684615663115,0.0017136111111111,0.0052548504552004,0.0123751425781008,-0.0222618660987668,0.0201920806598189,0.0041327923003563,-0.0167227283395915,-0.0067894218140471,0.0240629353661199,0.0833564532667314,8.34,0.453170852576182
2005-10-31,0.0467001434425278,0.0015477777777777,0.04515236566475,-0.002185480620026,0.0148075870442528,0.0519588999099778,0.0083196083046367,0.0100343446651536,0.0380170892503207,0.0251146180158089,0.0869995888321314,8.7,0.453170852576182
2005-11-30,0.0034718282126754,0.0017222222222222,0.0017496059904532,0.0348501075798811,-0.027096571876799,0.0136210439872053,0.0328402435540639,-0.019085290256861,0.0423082661152699,0.0241132721553632,0.0835308250196501,8.35,0.453170852576182
2005-12-30,-0.0104527070169086,0.0016541666666666,-0.0121068736835753,-0.0019958156544245,-0.0212754146899086,0.0334479028439545,-0.0333132681226837,-0.0525136232336496,0.0152146903034466,0.0251188784357113,0.0870143473595965,8.7,0.453170852576182
2006-01-31,0.0556894291547959,0.0017222222222222,0.0539672069325737,-0.0219495580392024,-0.0050570068496683,0.0172071396439382,-0.0099451124450177,-0.0238232133605576,0.0422721976579702,0.0267929515798914,0.0928135068422095,9.28,0.453170852576182
2006-02-28,0.0414395681284522,0.0016125,0.0398270681284522,0.0104852677877157,-0.0256867459492941,0.0667235129444479,0.0155108373903042,-0.016840706414975,0.0641127533273515,0.0273006260527793,0.0945721428037046,9.46,0.453170852576182
2006-03-31,0.0500158100266746,0.0013002777777777,0.0487155322488968,-9.89740612229867e-05,0.0180198485924479,0.0203699718786352,-0.0078006551137578,0.0013327903983727,0.0307700064485564,0.0260861192068778,0.0903649676772214,9.04,0.453170852576182
2006-04-28,-0.0113474059304935,0.0012744444444444,-0.0126218503749379,0.0275903556411801,-0.0449592822752392,0.0917983168071543,0.0488775174246354,-0.0551816473866126,0.0800652914523247,0.0267102867842931,0.0925271475902625,9.25,0.453170852576182
2006-05-31,0.0566940037239808,0.0012208333333333,0.0554731703906475,0.0379798405611536,-0.0148802285220578,-0.0861007650387241,0.0046053647414836,-0.0208373488852149,-0.0619659944745658,0.0283595395212861,0.0982403266602504,9.82,0.453170852576182
2006-06-30,-0.0197104275507541,0.0012615277777777,-0.0209719553285319,-0.0083040256976041,0.0189124407725665,-0.0064219608657911,-0.0152765106031394,0.0214212716887954,-0.0441251475994309,0.0304010713238287,0.1053124002747933,10.53,0.453170852576182
2006-07-31,0.0400422763899037,0.001225,0.0388172763899037,-0.0007297163450936,0.0088175607539789,-0.0297110843609039,0.0122068997459954,0.0068645936506869,-0.0405319072266276,0.0288612854942193,0.099978425695477,10.0,0.453170852576182
2006-08-31,0.0593134569009497,0.0012658333333333,0.0580476235676164,0.018465167994111,0.0002692253012425,0.0205691709196215,0.0416016153031895,-0.0119393556677633,0.0409588047071339,0.0302643150588101,0.1048386626762621,10.48,0.453170852576182
2006-09-29,0.0144003114392211,0.0013906944444444,0.0130096169947766,0.0527327360820523,0.033787372342002,-0.0370670470827362,0.018286787024378,0.0050922281590192,0.0453158620142717,0.0298822203404438,0.1035150477452336,10.35,1.3602146862768
2006-10-31,0.0361341057255641,0.0014155555555555,0.0347185501700085,-0.0082472175161621,0.0343309840406496,-0.0071442531153126,0.0080498727599167,0.0166332345484072,0.0605031859803608,0.0294146396799067,0.1018953008238599,10.19,1.3602146862768
2006-11-30,0.069060850147202,0.0016834722222222,0.0673773779249797,-0.0046669835710825,0.0257940113049982,0.0460729890984218,0.0018078714922997,0.0139101384155102,0.0077432691076051,0.0307908126993228,0.1066625040031284,10.67,1.3602146862768
2006-12-29,0.0092746980606201,0.0016625,0.0076121980606201,-0.0312081038412567,-0.0133058079286913,0.142902180450211,-0.0037104216860063,-0.0013647772095166,0.155097199633303,0.0287791911936389,0.099694042696243,9.97,1.3602146862768
2007-01-31,-0.0794818142852687,0.0017222222222222,-0.0812040365074909,-0.0174950318730127,-0.0041427979772039,-0.017632802321153,-0.0120628130583053,0.0098326651111129,-0.0220003874323091,0.0425547942164903,0.1474141313771989,14.74,1.3602146862768
2007-02-28,0.0092039800241863,0.0017375,0.0074664800241863,-0.0314835470641562,0.015569938434305,-0.0147128255207615,-0.0400720474402533,-0.0265507015804441,-0.0161547511322087,0.042259146492712,0.1463899776197467,14.64,1.3602146862768
2007-03-30,-0.0133008316322178,0.0018772222222222,-0.01517805385444,-0.0115747905012953,0.0109711267934471,-0.0129250120539228,-0.0170742542837566,0.0371849219944674,-0.0061689629316428,0.0420670628883865,0.1457245804957614,14.57,1.3602146862768
2007-04-30,0.0440074626548954,0.0019116666666666,0.0420957959882288,-0.0044819102912195,0.0261889725992027,0.0204166576908102,-0.0272794656045944,0.009094059985568,-0.0167561525642172,0.0420368836675863,0.1456200366082439,14.56,1.3602146862768
2007-05-31,0.0520678203190794,0.00205,0.0500178203190794,-0.0063267486650229,0.0177373326203732,-0.0273334660095652,5.12879572634878e-05,0.0160904573860502,-0.0431214725354474,0.0416135628807527,0.1441536103868521,14.42,1.3602146862768
2007-06-29,0.0452817907929514,0.0021441666666666,0.0431376241262848,-0.0577416251230769,0.01382523394582,0.0684905101814382,-0.0173901616804985,0.0205007214394944,0.0852154208981253,0.0404191578649638,0.1400160700425291,14.0,1.3602146862768
2007-07-31,-0.0093669862623139,0.0022666666666666,-0.0116336529289806,0.0029468793072252,-0.0208875640720373,0.0028821956642421,0.0426453558443268,-0.0150117181260724,0.0230712895524424,0.0411463188754718,0.1425350296734952,14.25,1.3602146862768
2007-08-31,0.0831525506372326,0.0024541666666666,0.0806983839705659,-0.0175654800492634,0.0253749243327338,0.0320557236707388,0.0257538349255856,-0.0040434731228788,0.0336083554071204,0.0435991518108698,0.1510318922066703,15.1,1.3602146862768
2007-09-28,0.0325689137056256,0.0025575,0.0300114137056256,0.0890665542375208,0.0813678955294019,-0.135687638125907,-0.0145173000347263,0.0033257247368175,-0.0516091620925643,0.0436331333151046,0.151149607590375,15.11,2.21216883436735
2007-10-31,-0.0218877296707886,0.0024305555555555,-0.0243182852263442,0.0081706643891005,0.0013178166806018,0.0287106506361302,-0.0092035950221681,0.0048875685817772,0.0049314641778429,0.0452750728407329,0.1568374529530625,15.68,2.21216883436735
2007-11-30,0.0557339112326775,0.0027727777777777,0.0529611334548997,0.0030156835174522,-0.0115568469835406,0.0591604706507558,0.0033429478180361,-0.0220721173920342,0.0598532810111819,0.0439701719714231,0.1523171437440917,15.23,2.21216883436735
2007-12-28,0.067486034313976,0.002675,0.064811034313976,-0.0184034985226559,-0.0059758581552062,0.0895459131874256,-0.0226304125478818,-0.0401201741466557,0.120795107920103,0.0461274553422511,0.1597901925532869,15.98,2.21216883436735
2008-01-31,0.0195083618893647,0.0028459722222222,0.0166623896671425,-0.0400025298348284,-0.0133796944032393,0.131239225903623,-0.0043716710370788,-0.0245661268231166,0.112270140342993,0.0335672938300404,0.1162805167724466,11.63,2.21216883436735
2008-02-29,-0.0222658489252317,0.0027291666666666,-0.0249950155918984,0.0003704786433757,0.0010956299843015,-0.0227903361713526,-0.0182743265258678,-0.0117127414322746,0.0477123067071277,0.0365530622568202,0.126623522002082,12.66,2.21216883436735
2008-03-31,-0.0149878476158463,0.0029579166666666,-0.017945764282513,-0.0107635482656185,0.0218654631427783,-0.0204620118785066,-0.0119989041623976,0.0021834635206649,0.0351996253308148,0.0368396824446547,0.1276164034576904,12.76,2.21216883436735
2008-04-30,-0.0264360459808151,0.0029708333333333,-0.0294068793141484,-0.009178407137557,-0.005982375692892,0.0314503980115396,-0.0107378077625712,-0.009591205424966,0.0496852128624752,0.039529601970006,0.1369345580300505,13.69,2.21216883436735
2008-05-30,-0.0039874346946114,0.0029125,-0.0068999346946114,0.0228221981061911,-0.0278605858401479,0.026190578320556,-0.0049055330915753,-0.0202671121985667,0.0356421124977782,0.0389010287989251,0.1347571166928768,13.48,2.21216883436735
2008-06-30,-0.0192418439527527,0.0030741666666666,-0.0223160106194194,-0.0313568673810336,-0.0230868792780137,0.0237938653073516,-0.0224672283016665,-0.034163486679516,0.0734464348470004,0.0390971647356163,0.1354365515079553,13.54,2.21216883436735
2008-07-31,-0.0648769726428927,0.0032625,-0.0681394726428927,-0.0393058664741426,-0.0163563611285825,0.0455333683105823,-0.0248312830484407,-0.0105682716273289,0.0813155807810609,0.0447920959469701,0.1551643719153045,15.52,2.21216883436735
2008-08-29,-0.0199823167961324,0.0033841666666666,-0.0233664834627991,-0.0362449470103237,-0.0290309834024871,0.0334213437110554,0.0038840051747702,-0.0189776843127833,0.0613419345796487,0.038242813170025,0.1324769908696952,13.25,2.21216883436735
2008-09-30,-0.12272981070921,0.0034702777777777,-0.126200088486988,0.0857520189980382,0.019999514383495,-0.0583872481956635,0.0442134472293088,0.0108709068834511,-0.0642678156475801,0.0501829018192679,0.1738386712444256,17.38,3.43704910602874
2008-10-31,0.0343379926227918,0.0032463888888888,0.0310916037339029,0.0057661703202047,0.0329324199601684,-0.0041791692643661,0.0431724294770336,0.0481817858684619,0.0272353024951681,0.0520074660083336,0.1801591469986904,18.02,3.43704910602874
2008-11-28,-0.0164699809961759,0.0036511111111111,-0.020121092107287,-0.0115901012300261,0.0011112309117833,0.0181378228631511,0.0009802182046751,-0.0040945186038425,0.0055861063751902,0.0477062806987083,0.1652594040206108,16.53,3.43704910602874
2008-12-30,0.0491161947472628,0.003425,0.0456911947472628,0.0036528948304223,-0.007388762048172,0.0397584374550165,-0.0613296648514853,0.0187375391586456,-0.0964347531198474,0.0448925187231504,0.1555122466164673,15.55,3.43704910602874
2009-01-30,0.0286266484765802,0.0034788888888888,0.0251477595876913,-0.0301340380815609,-0.0187612366252463,0.0145214001200368,-0.0150149276053976,-0.0136594885611853,-0.008830533754735,0.0455923819736656,0.1579366440329527,15.79,3.43704910602874
2009-02-27,-0.13981299321382,0.0033583333333333,-0.143171326547153,0.0067102426968493,-0.0137425808195129,0.120685251795426,0.0052813720103748,-0.0167783595088763,0.109945277359861,0.0579166836765814,0.2006292774674683,20.06,3.43704910602874
2009-03-31,-0.0069383769337513,0.0035477777777777,-0.0104861547115291,0.0119711570394483,0.0043186991833351,-0.0896189063190662,-0.0191493475666599,-0.0117848956465645,-0.07969442166398,0.0580933325323942,0.2012412070542015,20.12,3.43704910602874
2009-04-30,0.0125504606148432,0.0036511111111111,0.0088993495037321,-0.0354015926091201,-0.0006731923908806,-0.0214437441191378,0.00050536830489,-0.007040076663769,-0.0490961645833914,0.0591133210438953,0.2047745509043146,20.48,3.43704910602874
2009-05-29,-0.123258963939789,0.0036,-0.126858963939789,-0.0182747577820912,-0.0200717445621244,0.0565305131506121,-0.0357324804882667,-0.0132368931455562,0.0807011687873424,0.0654281991656316,0.2266499304052192,22.66,3.43704910602874
2009-06-30,-0.177694863872209,0.0038319444444444,-0.181526808316653,0.0025742238323508,-0.0506120617334997,0.121286400435628,-0.0146457681281723,-0.0876307579201617,0.237008463091399,0.0774745658186477,0.2683797685844738,26.84,3.43704910602874
2009-07-31,-0.0212336051045729,0.0029166666666666,-0.0241502717712395,0.0244652593464397,-0.0062157865434192,-0.024127236234412,-0.0573782415215413,-0.039016457409306,-0.001334925165425,0.0775317856228518,0.2685779838006353,26.86,3.43704910602874
2009-08-31,0.0369055811089783,0.0027125,0.0341930811089783,-0.143945327289259,0.0715355395358732,0.0414796043107789,-0.113544539044169,-0.018983305877119,0.0848912642817197,0.0807346140508761,0.2796729069311633,27.97,3.43704910602874
2009-09-30,-0.0565455815578066,0.0013777777777777,-0.0579233593355843,0.19193143232676,-0.0368927626238355,-0.0555053572139519,0.175545267774588,-0.0719924538319549,0.0406658341387971,0.0764475008207573,0.2648219110664302,26.48,-0.494460544377991
2009-10-30,0.0281847092491605,0.0010888888888888,0.0270958203602716,-0.0036373458323292,-0.0042300979871359,0.0212502018349989,-0.008824475985766,-0.0125221071439657,0.0078506931854385,0.0761418576122702,0.2637631319342543,26.38,-0.494460544377991
2009-11-30,0.0144964065042993,0.0006010555555555,0.0138953509487437,-0.0224214843133277,0.0985014116113898,-0.246685010776679,-0.0160833448748701,0.0546990642402176,-0.193502500112066,0.0773801462490658,0.2680526896009846,26.81,-0.494460544377991
2009-12-30,0.217224489795918,0.000835,0.216389489795918,-0.0660742692451138,0.126190994730444,-0.303318723869537,0.041484681840611,0.165938524371973,-0.351698819648788,0.1041177621909733,0.3606745081702794,36.07,-0.494460544377991
2010-01-29,0.0285316063717186,0.0003444444444444,0.0281871619272742,0.034843560078266,0.0124801950146391,-0.0965754547476443,0.0626556057115744,0.0039390345137954,-0.0055104618532858,0.1042364496479814,0.3610856535817976,36.11,-0.494460544377991
2010-02-26,0.0098543394814281,0.0004166666666666,0.0094376728147614,-0.0066023739108643,-0.0097214308478962,0.0338509627140776,-0.0438340004351855,-0.0086465936013706,0.0248188215834281,0.0966003782991651,0.3346335264890561,33.46,-0.494460544377991
2010-03-31,0.103645561376027,0.0003444444444444,0.103301116931582,-0.0844939849066788,0.0405998069164638,-0.0470814043746196,-0.0829005522412392,0.0389699952363188,-0.0312306990343799,0.1014987864255374,0.3516021099912263,35.16,-0.494460544377991
2010-04-30,0.0339604307945891,0.0001291666666666,0.0338312641279225,-0.0188960700751264,0.0726767737555649,-0.0870186067822978,0.0235014692837941,0.10295600098283,-0.11881331457548,0.1018572644909618,0.3528439144366545,35.28,-0.494460544377991
2010-05-31,0.0061773497177016,0.0001333333333333,0.0060440163843683,0.0200897438639126,-0.0621942447015843,-0.0150479132274336,0.0674179051191427,-0.0073842511348816,-0.0428172259819197,0.0928903228593905,0.3217815174478821,32.18,-0.494460544377991
2010-06-30,0.0475848174554276,0.000155,0.0474298174554275,-0.053034948759857,-0.0074800551668435,0.0752042856211653,-0.0371429472926808,0.0134103658219845,0.0725416282842527,0.0686739274662691,0.2378934630537559,23.79,-0.494460544377991
2010-07-30,-7.23524826237482e-05,0.0001416666666666,-0.0002140191492904,-0.0159138096704556,-0.019533487270607,0.0618486655502707,0.0323259061841252,0.0033474945196416,0.0640792334877035,0.0670820273571573,0.2323789593146438,23.24,-0.494460544377991
2010-08-31,0.0191374493204209,0.0001291666666666,0.0190082826537542,-0.0279399207488149,-0.0078198402331483,-0.0282285764275973,-0.0199618381071908,-0.0080725227427192,0.0197228520076206,0.0673129079073758,0.2331787530015596,23.32,-0.494460544377991
2010-09-30,0.0080686903665838,0.0001722222222222,0.0078964681443615,0.0545971097332839,-0.0256508102461535,-0.0101122775801554,0.0740155678464958,-0.0093196293415712,-0.038449999961205,0.0612666449944547,0.2122338838793621,21.22,1.15798802715628
2010-10-29,-0.0051823359816789,0.0001788888888888,-0.0053612248705678,-0.0101973822298361,-0.0231392156629025,-0.0105297925366499,-0.0106816795329076,-0.0088270139552109,0.0018438545171437,0.0627170373673017,0.217258190440725,21.73,1.15798802715628
2010-11-30,0.0877798788676039,0.0001894444444444,0.0875904344231594,-0.0050235463441697,0.0317169801340353,0.0679546650439642,0.0309769187405207,0.0280001394546378,0.0938063391890192,0.0635326757384793,0.2200836446396896,22.01,1.15798802715628
2010-12-30,0.0422272330276462,0.0002083333333333,0.0420188996943129,-0.0347759749951422,0.0097102758363527,0.0041997712866684,-0.027034314273211,0.0278887762337496,-0.0261318012140714,0.0342380585775601,0.118604114017707,11.86,1.15798802715628
2011-01-31,-0.0688493746185163,0.0002152777777777,-0.0690646523962941,-0.026095166929226,-0.0035203333643481,0.014231264193812,-0.0250239379959553,-0.0383404888353357,-0.0199034492259379,0.0449522659313952,0.155719217017048,15.57,1.15798802715628
2011-02-28,0.014511973243279,0.0001666666666666,0.0143453065766123,-0.0259851147960088,-0.0084698864374907,-0.0192802917724356,-0.0638371206924142,-0.0405033830337387,0.027330334361216,0.0448349373085478,0.1553127787451404,15.53,1.15798802715628
2011-03-31,0.0460457151874306,0.0002497222222222,0.0457959929652084,-0.0404491227189739,0.0237604516343401,0.03262300894004,-0.0297989978024225,0.0242814428609756,-0.0330024583289297,0.0381521609599415,0.132162962402329,13.22,1.15798802715628
2011-04-29,-0.0316997594487708,0.0003013888888888,-0.0320011483376597,-0.0204880281021464,-1.18118932918854e-05,0.0075113819550956,-0.0163620294096813,-0.0212620043173309,0.0023783121015356,0.0405035830783811,0.1403085275606863,14.03,1.15798802715628
2011-05-31,0.084184930209057,0.0003333333333333,0.0838515968757236,-0.0745353270317229,-0.0098565332248185,0.0928231617863186,0.0082338764683074,0.0302667497270495,0.120921045809397,0.0451420968549326,0.1563768106258771,15.64,1.15798802715628
2011-06-30,0.0004427382193769,0.0004736111111111,-3.08728917341963e-05,-0.0165465336005202,0.0423537690267984,0.0066676554979538,0.0137234916775698,0.0325860182462945,0.0163725089683342,0.0446066431854798,0.1545219447046941,15.45,1.15798802715628
2011-07-29,0.0143438048931978,0.000875,0.0134688048931978,-0.0270287426091655,-0.006966316856843,0.0407388392569068,-0.0072432425359617,-0.0191799807273545,0.0648667351296099,0.0443242236893854,0.1535436148721274,15.35,1.15798802715628
2011-08-31,0.0586190070704848,0.0009644444444444,0.0576545626260404,-0.0571319031359415,0.0131305312249757,0.0460805297212423,0.0181322016119514,0.016122105955069,0.106773254383872,0.045838297802861,0.1587885214540561,15.88,1.15798802715628
2011-09-30,-0.0116985913609013,0.0011194444444444,-0.0128180358053458,0.0938023001883451,0.0080700381400725,0.0315505897924411,0.0429982909881967,0.0471566566976717,-0.0130553178812701,0.046737853759078,0.1619046746948945,16.19,2.9611507382214
2011-10-31,-0.0160820986288239,0.0012055555555555,-0.0172876541843795,-0.0134439981563216,0.0282897410485289,0.100296203150924,-0.0280419564209063,-0.0186659432739791,0.0960338724652182,0.0474198832218893,0.1642672940585907,16.43,2.9611507382214
2011-11-30,0.0227115569071536,0.00155,0.0211615569071536,-0.0158347214007117,-0.0025536359479247,0.0212822537125849,0.0245871419082147,0.00891677636667,0.0283805566670931,0.0421114441489458,0.1458783216921465,14.59,2.9611507382214
2011-12-30,0.0401867018550225,0.0014083333333333,0.0387783685216892,-0.0003712912044616,0.0144527102379731,0.0046099313585587,-0.0305590621589392,-0.0203851211845349,-0.0388700893266769,0.0419131719728199,0.1451914867265921,14.52,2.9611507382214
2012-01-31,-0.0053521628818854,0.00155,-0.0069021628818854,-0.0392835801584596,0.0172858779446453,-0.044299401874052,-0.053975203937558,0.0247286168615179,-0.010343085419056,0.0340976772876352,0.1181178189645432,11.81,2.9611507382214
2012-02-29,-0.0349718654530954,0.0015166666666666,-0.0364885321197621,0.0040509723205889,0.0008474426221207,-0.0830893095092459,-0.0254742523161079,-0.001124770993127,0.0196477508813488,0.037471062947762,0.1298035696782708,12.98,2.9611507382214
2012-03-30,-0.0469050939157725,0.00155,-0.0484550939157725,0.0125203334470561,0.0031178114290634,0.0215230214676188,-0.0073998834726933,0.0251254353938246,0.0101646586658162,0.0397639891864518,0.1377464991651082,13.77,2.9611507382214
2012-04-30,-0.104764342305312,0.0015672222222222,-0.106331564527534,-0.0048891368009025,0.0165756050699562,0.0658125826105063,-0.016777150777149,-0.0390748091553657,0.0996409790618343,0.0504251707928185,0.1746779155869997,17.47,2.9611507382214
2012-05-31,-0.0589388657281964,0.0016666666666666,-0.060605532394863,0.0202270074902188,0.001470668378059,-0.0034648317509801,-0.0335461408821281,-0.0084202308686453,0.0157815905319355,0.045276956412962,0.1568439778386633,15.68,2.9611507382214
2012-06-29,0.0883193789802779,0.0015069444444444,0.0868124345358335,-0.0686219120385842,-0.0230044095997074,0.0451012763664422,-0.0316305057007315,-0.0044672160389725,-0.0110882010349572,0.0537187458502104,0.1860871942628884,18.61,2.9611507382214
2012-07-31,-0.0141280776273495,0.0015833333333333,-0.0157114109606829,-0.0329846164265538,-0.0035395363493861,0.0872357856179067,-0.0458784197594163,-0.0129578684013347,0.0966732685761729,0.053421021697919,0.1850558475460705,18.51,2.9611507382214
2012-08-31,0.0111124024046233,0.0016361111111111,0.0094762912935122,-0.0311491146706053,0.0248749415003858,-0.0294475859283465,-0.0051534182118085,0.018162756890614,0.0091817487168572,0.0496896389410414,0.1721299585112734,17.21,2.9611507382214
2012-09-28,0.0582616182598627,0.0014638888888888,0.0567977293709739,0.0272020885921648,0.0526156373082011,-0.0740757914475955,0.0426399950677327,0.0324783809209487,-0.183815302027128,0.0535460522814892,0.1854889661925574,18.55,0.888377506923638
2012-10-31,0.0630064001674589,0.00145,0.0615564001674589,0.0314972097649141,0.0776280207331687,-0.0501886867072197,0.0031469449533916,0.0369340005866373,-0.0694782690104559,0.0568460229796904,0.1969204000181036,19.69,0.888377506923638
2012-11-30,-0.010326974413848,0.0014208333333333,-0.0117478077471813,0.0296626454914016,-0.0196770544106849,-0.0191456260619678,0.0238767790569932,-0.0158225728328309,-0.048001569964742,0.0565256227065526,0.1958105009144362,19.58,0.888377506923638
2012-12-28,-0.0015485978150693,0.0012916666666666,-0.002840264481736,-0.017745300043523,0.011714497137713,-0.0198164834830493,-0.0096401127340915,-0.0016425292924139,-0.0092631915564197,0.0550032304017195,0.1905367792723907,19.05,0.888377506923638
2013-01-31,-0.0659071468185706,0.0013347222222222,-0.0672418690407928,0.0009689892992187,0.0071019103932478,0.0642947182203027,-0.0036739542426958,-0.0020653230054801,0.124318644794139,0.0577618319969513,0.2000928555139547,20.01,0.888377506923638
2013-02-28,0.0303768883664951,0.00125,0.0291268883664951,-0.0335390134410502,0.0222325818203919,-0.0069835567990324,-0.0733204110498961,0.0113012410859665,0.0083810484763398,0.0582571375428098,0.2018086442553498,20.18,0.888377506923638
2013-03-28,0.0418790079519328,0.0011194444444444,0.0407595635074883,-0.0336232364024756,0.0174079622309589,-0.0353903979813918,-0.0341305012819663,0.0116263319108282,-0.0182715888067373,0.0580058097127812,0.2009380191134187,20.09,0.888377506923638
2013-04-30,-0.0221601039387615,0.0012486111111111,-0.0234087150498726,0.0166719870948948,-0.0010368047040015,-0.0400417702852695,0.007814430037293,0.0073223687119245,0.0221982128521061,0.0480556977309972,0.1664698201265193,16.65,0.888377506923638
2013-05-31,0.0303199372664507,0.00125,0.0290699372664507,-0.0414290834896169,-0.0020091753626163,0.0440402404666499,-0.0122803192162777,0.0112438771873109,0.0459247265399573,0.0430282199907587,0.14905412636649,14.91,0.888377506923638
2013-06-28,-0.0140569610242191,0.00096875,-0.0150257110242191,-0.0119607733575053,0.020261513314273,-0.0419949013492774,-0.0314482571094237,-0.006200202759059,0.131871974142904,0.0374902006277732,0.1298698645465076,12.99,0.888377506923638
2013-07-31,0.0308532343332119,0.0010416666666666,0.0298115676665452,-0.0402336064099853,0.0258528968126941,-0.014671814601208,-0.0458672574241341,-0.0011481521629059,0.110928362638937,0.0372227379991644,0.1289433468227548,12.89,0.888377506923638
2013-08-30,0.0205500770810982,0.0010591666666666,0.0194909104144315,0.0320812583151174,0.0264053358403152,-0.116611976202826,0.0360145734980346,0.0091845143175406,-0.0121745300428238,0.0372888439451246,0.1291723445369259,12.92,0.888377506923638
2013-09-30,0.0550015966932302,0.0009041666666666,0.0540974300265635,0.161785314966658,0.0338299171596391,-0.205012276249186,0.0414929324529955,0.0838314244086612,0.0978435808632743,0.0370022642232858,0.1281796032596383,12.82,-0.0442929701485858
2013-10-31,0.0356749311294767,0.0008166666666666,0.03485826446281,-0.0007634418114083,0.0078831171194827,0.0213887474482523,0.026978846848952,0.0311611316714062,0.127960430169111,0.0344654538035826,0.1193918341874461,11.94,-0.0442929701485858
2013-11-29,0.009066742852264,0.0008869444444444,0.0081797984078196,0.0142989753936379,-0.0180299263484791,0.0054699974275204,-0.0013787970984448,-0.0131763750177328,0.0044584423612599,0.0338095270602898,0.1171196372965936,11.71,-0.0442929701485858
2013-12-30,0.0206147152194818,0.0008416666666666,0.0197730485528152,-0.0349199566860027,0.0072362298642473,0.002037437360942,-0.0315719006790778,0.0030918984427464,0.0938323124993301,0.0335726368759887,0.1162990256265459,11.63,-0.0442929701485858
2014-01-31,0.0213988489070995,0.0008438888888888,0.0205549600182106,-0.0280973718367186,0.0265901164826427,-0.0717640405927042,0.0034842202134038,0.021068304550406,-0.0552161654240856,0.0219983874873948,0.0762046496255105,7.62,-0.0442929701485858
2014-02-28,-0.0503846081804162,0.0008083333333333,-0.0511929415137495,0.0493242100184247,-0.0449155726484061,-0.0047484233471509,0.0305507806037003,-0.0374088560931023,0.125632599363744,0.02995194514623,0.1037565815575728,10.38,-0.0442929701485858
2014-03-31,0.0717076530352267,0.0008094444444444,0.0708982085907823,0.0524317336966217,0.0668050541284703,-0.212458419767311,-0.010948315880956,-0.0023049702179926,0.0865441089212546,0.0334652187876853,0.1159269184533591,11.59,-0.0442929701485858
2014-04-30,-0.0103865349280213,0.0007922222222222,-0.0111787571502435,0.0481060507924815,-0.0528477988930646,-0.0544434473976364,0.0860413743336824,-0.077310068896615,0.0761306139071911,0.0323080260371108,0.1119182851770682,11.19,-0.0442929701485858
2014-05-30,0.0406648213184218,0.0008,0.0398648213184218,0.10891505683527,-0.0169295926851003,-0.295549162722177,0.0116395559749972,-0.0305993522350869,-0.0555190808561387,0.0328075633567713,0.1136487332129257,11.36,-0.0442929701485858
2014-06-30,0.0172518556467658,0.0008611111111111,0.0163907445356547,0.0323773631749771,0.0078632933937931,-0.12956841181971,0.0096555640189411,0.0370928111734082,0.0358359063086514,0.0311122712104002,0.1077760689505513,10.78,-0.0442929701485858
2014-07-31,0.0227290029397641,0.0008333333333333,0.0218956696064308,0.0120834362084815,0.0004492611349599,-0.0023210835638699,0.0187055023753461,0.0127266619113297,0.0044686283009716,0.0309912716055745,0.1073569140240437,10.74,-0.0442929701485858
2014-08-29,0.0209341042382114,0.0008516388888888,0.0200824653493225,-0.0057486582124699,0.0109648786262876,-0.0160860763383982,0.0052576517225887,0.0110557933270567,0.0524964666881136,0.0309903334437459,0.1073536641361379,10.74,-0.0442929701485858
2014-09-30,-0.0166573891926074,0.00067425,-0.0173316391926074,0.0794217164210309,0.0298823351764502,-0.0145349540915492,0.0443646007036063,0.0317975269780505,-0.0452401973647943,0.0307785811465433,0.1066201326613892,10.66,-0.179638494114635
2014-10-31,0.0606245107419326,0.0005996666666666,0.0600248440752659,-0.0169106785196143,0.0377136322526403,-0.018966494108989,0.0058395823679028,0.031697393067042,-0.0015374969085316,0.0330713556166772,0.1145625364065268,11.46,-0.179638494114635
2014-11-28,0.0063898665562478,0.0006639166666666,0.0057259498895811,-0.0319808650014142,0.0330481424119459,-0.0356163701685381,-0.0279011583545659,0.0446515614637805,-0.0375356812951745,0.0331349814420227,0.1147829427308705,11.48,-0.179638494114635
2014-12-30,0.0189517050122431,0.0006241666666666,0.0183275383455764,-0.043663407497731,0.0028886434454779,-0.0226218578864477,-0.0272654979917753,-0.0091843516277247,-0.0552567602470464,0.0331238026912565,0.1147442184022862,11.47,-0.179638494114635
2015-01-30,0.0374789911559649,0.0006415277777777,0.0368374633781871,0.0208970050121966,0.0199360551110204,-0.0745593195066322,0.0116697109009409,0.009647204651368,0.0710903298482194,0.0336490076319257,0.1165635816855367,11.66,-0.179638494114635
2015-02-27,-0.0135108837674794,0.0006225,-0.0141333837674794,-0.0055337509148676,-0.0167084217964575,0.0429087485461351,0.0125805353332983,-0.0250851797415374,0.0012005758379865,0.0279938072658237,0.0969733929633951,9.7,-0.179638494114635
2015-03-31,-0.0074000537999409,0.0006001944444444,-0.0080002482443854,0.0585155798547859,0.0231127379586986,-0.145410775356055,-0.001970030104689,0.0032621527240637,-0.0944698966715582,0.0241061751108767,0.0835062401363818,8.35,-0.179638494114635
2015-04-30,0.0064318557529877,0.0002135555555555,0.0062183001974321,-0.0041098698169325,-0.005625506199146,0.0405432388961274,-0.025357371660077,-0.0258765433856365,0.0455283225626661,0.022946741552563,0.0794898444743821,7.95,-0.179638494114635
2015-05-29,-0.0016361554450252,0.0002,-0.0018361554450252,0.0035969561631282,0.0039137997700381,0.0374582051819055,-0.0323917831898928,0.0001572682852338,0.0619439987020364,0.0220606363588432,0.0764202860416357,7.64,-0.179638494114635
2015-06-30,0.0155342723680037,0.0002144166666666,0.015319855701337,-0.044787553603078,-0.0308116549682085,0.0818382200750861,-0.0313364393569233,-0.0226055959342192,0.112036971531032,0.0220434934787701,0.0763609013630861,7.64,-0.179638494114635
2015-07-31,0.0336159535396662,2e-05,0.0335959535396662,-0.0309206290599476,0.0041126666919263,0.0222000670077993,-0.0209771322702507,-1.37500746397942e-05,0.013899403135669,0.022771233418169,0.0788818664625583,7.89,-0.179638494114635
2015-08-31,0.0105949520113156,4.13333333333333e-05,0.0105536186779823,-0.0483031051548276,0.0012171913259858,0.067897412048009,-0.0157203978095481,0.0149688850633316,0.0280527445175401,0.0226639883528433,0.078510358658548,7.85,-0.179638494114635
2015-09-30,0.0710176950970719,9.73055555555556e-05,0.0709203895415163,-0.0106364671560401,-0.0306954762075874,-0.0272978307820833,-0.0301001998478971,-0.0178974956818001,0.0550219412761401,0.0262735610753759,0.0910142853566302,9.1,-0.0467847449832812
2015-10-30,0.0807118770143491,7.46666666666667e-05,0.0806372103476824,-0.023928497238661,0.0196670699384943,0.0245508132746578,0.0326146939183292,0.005693109049353,-9.48820211125884e-05,0.0296263420547088,0.1026286593623405,10.26,-0.0467847449832812
2015-11-30,0.000233266526358,0.0,0.000233266526358,0.0393125511963311,0.0248645644072925,-0.0620148361330873,-0.0093910453057857,-0.0061957176334437,0.0314372498885506,0.0299277180275828,0.1036726563567369,10.37,-0.0467847449832812
2015-12-30,0.00231015957775,0.0,0.00231015957775,-0.0047986074000099,-0.0208541554615601,-0.0056294363132627,0.0390186693182274,0.0605247552031996,-0.135525035010683,0.0303977575042641,0.1053009208670872,10.53,-0.0467847449832812
2016-01-29,0.0121992445900545,0.0,0.0121992445900545,0.0354791891414402,-0.0176262084850233,-0.0007570121062223,0.0141176705236444,-0.0386071570718769,0.0966789316449058,0.0299406528948031,0.1037174640511664,10.37,-0.0467847449832812
2016-02-29,-0.0637194468267581,0.0,-0.0637194468267581,0.0414227485497476,-0.0250355288910314,0.0166143910253103,0.0073621526138909,0.0035257145574934,0.0242120136398028,0.0372162243535994,0.1289207828926328,12.89,-0.0467847449832812
2016-03-31,0.0500497084103547,0.0,0.0500497084103547,0.0092123297346787,-0.040513564177947,0.0706728585479783,0.0124210102049971,-0.0375432521746447,0.0611495724096446,0.0379746852302923,0.1315481684406033,13.15,-0.0467847449832812
2016-04-29,-0.059254086732784,0.0,-0.059254086732784,0.0265994303643853,-0.0091595333259522,0.0405842489766234,0.0150132613563834,-0.0225221164220742,0.0935194592593151,0.0440457104229721,0.1525788166161076,15.26,-0.0467847449832812
2016-05-31,-0.0442745164910732,0.0,-0.0442745164910732,0.0102855747469985,-0.0525910579882006,0.131024775987523,0.027974087268312,-0.031796541052969,0.0927698760342313,0.0469188354288479,0.1625316135894546,16.25,-0.0467847449832812
2016-06-30,0.0692755137501486,0.0,0.0692755137501486,-0.022781433328253,0.0027310809756954,0.0114734560306059,0.0161044540468738,-0.0109679375317623,0.0282438762610695,0.0500550662263937,0.173395835760678,17.34,-0.0467847449832812
2016-07-29,0.0362571339141891,0.0,0.0362571339141891,0.0630551109749336,-0.0066318972118247,-0.0373015092112577,0.0445867232042323,-0.0270703472939295,-0.0527851456083484,0.0501577711696984,0.1737516161206621,17.38,-0.0467847449832812
2016-08-31,-0.0403181332143368,0.0,-0.0403181332143368,0.0573464476716222,-0.0161477108044931,-0.0001702405430435,0.0757262271064151,-0.0140431624607723,0.0645610594586853,0.0525468644918321,0.1820276781565805,18.2,-0.0467847449832812
2016-09-30,-0.071356426815988,0.0,-0.071356426815988,0.0342626332756185,0.0138926305363183,-0.0795601801217777,-0.0017208003801462,0.0235859505559831,-0.020556822495501,0.053477958818668,0.1852530835180183,18.53,0.984269244577992
2016-10-31,0.0203296677342251,0.0,0.0203296677342251,-0.0298383192490737,0.0348961660606721,-0.120119140419326,-0.0196997854632533,0.030040043684369,-0.0699657910670458,0.047468294074432,0.1644349941710739,16.44,0.984269244577992
2016-11-30,0.0192776215933436,0.0,0.0192776215933436,0.0029062409035568,0.0162753568742912,-0.0445007513363286,0.0363905163996788,0.0396647623669136,-0.116245254923159,0.0480597585202602,0.1664838871131639,16.65,0.984269244577992
2016-12-30,0.0091362984478738,0.0,0.0091362984478738,0.0057691791321032,0.0198781171073528,-0.0479441104409783,0.0037222536902947,0.0109930856108114,-0.148298034079768,0.0482042541658419,0.1669844347124039,16.7,0.984269244577992
2017-01-31,0.0249485489625963,0.0,0.0249485489625963,-0.0240013713846802,-0.014461513979092,0.0510781043531573,0.0245457143336882,-0.0351281903566557,0.0731251730564318,0.048759895716604,0.1689092335058364,16.89,0.984269244577992
2017-02-28,-0.035676449503283,0.0,-0.035676449503283,0.0196750442276622,0.0435012806372171,-0.0804157373033975,-0.0007765339640764,0.0107190466017181,-0.0344861715443117,0.0462522291749682,0.160222421788729,16.02,0.984269244577992
2017-03-31,0.055325461301663,0.0,0.055325461301663,0.012946937756723,0.0091201019425232,0.035360031994744,0.01682090303872,-0.0213795350922012,0.0950431947955794,0.0468115825262784,0.1621600786364353,16.22,0.984269244577992
2017-04-28,0.0246704085628508,0.0,0.0246704085628508,0.0386963806498046,-0.0070250020689931,-0.0071180667186598,0.0522506943079464,0.0246932501845184,0.0135406050938547,0.0435301477011665,0.1507928549587958,15.08,0.984269244577992
2017-05-31,0.0178354477022688,0.0,0.0178354477022688,0.0246398154490879,-0.015341052038968,-0.0115664360345524,0.0117254407909615,0.0078409741001016,0.0286238071502239,0.0406540719886312,0.1408298364377441,14.08,0.984269244577992
2017-06-30,-0.0094653342863142,0.0,-0.0094653342863142,0.0180377837781204,0.000784955488358,0.0219288316462666,0.0077466777623813,0.0058446684842127,0.0377184145236095,0.0365019174374007,0.1264463511505247,12.64,0.984269244577992
2017-07-31,0.014410425629673,0.0,0.014410425629673,0.0193534284865658,0.017427728669793,-0.0687562224906378,0.001628991191988,-0.0067231827275801,-0.0416030800951835,0.0352847687433399,0.122230024393566,12.22,0.984269244577992
2017-08-31,0.029204068187433,0.0,0.029204068187433,-0.015475731426103,0.0158353101568667,-0.0119827217284913,0.0091184385513989,0.0347082336648023,-0.034612741431395,0.0332788846264626,0.1152814379845123,11.53,0.984269244577992
2017-09-29,0.0124923735509747,0.0,0.0124923735509747,0.0359136057361634,-0.0099516933997395,0.0526804041677123,0.0169551817450282,-0.0030895062313588,0.097643521125787,0.0219136524706791,0.0759111189172471,7.59,1.79449904665589
2017-10-31,0.0294379136619579,0.0,0.0294379136619579,-0.0157555604589056,0.0067549975729264,0.0271028923986411,0.0048470843373365,-0.0040526412802674,0.0249576426923637,0.0222621708399643,0.0771184219631932,7.71,1.79449904665589
2017-11-30,0.0213990979752425,0.0,0.0213990979752425,-0.0221863938590551,0.0023053973604022,0.039318483971068,-0.0294266495294172,-0.0140343450293374,0.0761670758857337,0.0222992493248896,0.0772468656027098,7.72,1.79449904665589
2017-12-29,0.0435926343479893,0.0,0.0435926343479893,-0.0424166694512538,0.0064524671292717,0.0578927197047316,0.0015947236336819,0.0145202920542888,0.0644208621310332,0.0235009878210585,0.0814098098682616,8.14,1.79449904665589
2018-01-31,0.0172848397551315,0.0,0.0172848397551315,-0.0491781510526851,0.0228362149704418,0.0493457835589511,-0.0177721168111531,-0.0146986996451182,0.0924264756981631,0.0234290920422615,0.0811607555848094,8.12,1.79449904665589
2018-02-28,-0.0196460176991151,0.0,-0.0196460176991151,0.0249593942521213,0.0107245740175007,0.0501693706637753,0.0217347933064554,0.0046784326090255,0.0168461546897978,0.0203173477996791,0.0703813573281838,7.04,1.79449904665589
2018-03-29,-0.0302401155443221,0.0,-0.0302401155443221,0.0185785088084008,0.0333001949858594,-0.0251849219254776,0.023776565892141,0.0186006655910154,-0.0176771754881986,0.0216532078094275,0.0750089121455515,7.5,1.79449904665589
2018-04-30,-0.0085637159080331,0.0,-0.0085637159080331,0.0020070000873772,-0.0055937752137666,0.01220014682595,0.0014766054984442,-0.0173430177826606,0.0348173132202294,0.0220874278883578,0.0765130946222989,7.65,1.79449904665589
2018-05-31,0.0560510750164304,0.0,0.0560510750164304,0.0148865115770392,0.0009731470221006,-0.0236702995740876,-0.0192500303121512,-0.0210724432881518,-0.0012663103971591,0.0257935648269719,0.0893515295772737,8.94,1.79449904665589
2018-06-29,0.0211682076813655,0.0,0.0211682076813655,-0.0043897244215182,-0.0198754334170613,0.113998604340002,-0.0368977451813291,-0.0372416572599054,0.0301207218441705,0.0248677106391676,0.0861442765899191,8.61,1.79449904665589
2018-07-31,-0.0349361402042468,0.0,-0.0349361402042468,-0.0070911670430692,-0.009715482969224,0.0368076954455661,-0.0036861956768587,0.0046716856339079,0.0187893459066367,0.0288365072832814,0.0998925914549468,9.99,1.79449904665589
2018-08-31,-0.0125856802365758,0.0,-0.0125856802365758,-0.0466469222792046,0.0091722827361611,0.0283800132595644,0.0050633644809392,0.0021536293514697,0.0500410031046877,0.0290186080492676,0.1005234070125175,10.05,1.79449904665589
2018-09-28,0.0156752070064714,0.0,0.0156752070064714,0.0416452964885017,-0.0255986245000963,0.0135839196468999,0.0247224375229042,-0.0014721305231049,0.132200702843732,0.0290783398169473,0.1007303239254118,10.07,1.95353530127028
2018-10-31,-0.0072763221335484,0.0,-0.0072763221335484,-0.0177482326323431,0.0199992695441936,-0.0308717719150684,-0.0297317173357758,0.005200984696924,-0.0139400485588983,0.0285699143087077,0.0989690863011416,9.9,1.95353530127028
2018-11-30,-0.0129222661492082,0.0,-0.0129222661492082,-0.0198560782510753,0.0206946774642139,-0.0362302043520862,-0.0259053027017511,-0.0115702429818798,0.0203614795488801,0.0285143578573593,0.0987766331082945,9.88,1.95353530127028
2018-12-28,0.0439367762806402,0.0,0.0439367762806402,-0.0375334960076357,-0.018975551149387,0.0804856530942796,0.0229457177016297,-0.0306697660860064,0.0570149876688495,0.0285598003630035,0.0989340505654924,9.89,1.95353530127028
2019-01-31,-0.001067534294759,0.0,-0.001067534294759,-0.0111221176975926,-0.0427596183551062,0.09661780145527,0.0296419262718013,-0.0386627541057607,0.155274994494711,0.0281748911665533,0.0976006859963879,9.76,1.95353530127028
2019-02-28,0.0030449318917661,0.0,0.0030449318917661,-0.002385889177688,0.0080823814419833,0.0210182979264583,-0.0011977123079816,0.0106364579045893,-0.0100454263902346,0.0274295586674611,0.095018778482468,9.5,1.95353530127028
2019-03-29,0.0412279662467255,0.0,0.0412279662467255,-0.0076209583321102,0.0418384367019047,-0.0074251633694868,-0.0033026486181137,0.0038852887187213,0.0029437428428252,0.0273882467492606,0.0948756697999052,9.49,1.95353530127028
2019-04-30,0.0257673913666469,0.0,0.0257673913666469,0.0408610085244907,0.033136478757302,-0.151019824641604,0.0081107927750618,0.0146865861312061,-0.151777342934436,0.0272196832960712,0.0942917488694584,9.43,1.95353530127028
2019-05-31,0.0009096190364282,0.0,0.0009096190364282,0.0263966154749011,-0.0020579189884739,-0.0022575483176056,0.0133062967544757,0.0027126682279238,-0.0456157389369238,0.0234031221076248,0.0810707930922891,8.11,1.95353530127028
2019-06-28,-0.0714859206961662,0.0,-0.0714859206961662,-0.0136151993607752,-0.0069684515555537,-0.013347196253332,-0.0121711496723957,0.0107685988824222,0.0243187291506435,0.0319834253287601,0.1107938353389957,11.08,1.95353530127028
2019-07-31,-0.0155858899421143,0.0,-0.0155858899421143,-0.0441883085806801,0.0108745506029331,-0.0083299512716627,-0.0338292301646603,0.0002536469711064,-0.0103985996060403,0.0305626619476684,0.1058721666158273,10.59,1.95353530127028
2019-08-30,-0.060285882368791,0.0,-0.060285882368791,-0.0089733483834167,0.0140401206866569,0.017035483042738,0.001445409208284,0.0183642067180577,0.0602423575135217,0.0352108495100414,0.1219739606581068,12.2,1.95353530127028
2019-09-30,0.0767543461410168,0.0,0.0767543461410168,0.0028451634525032,0.0267831887960971,-0.0682835578967043,0.0044167833999914,0.013854831782995,-0.0941414991203898,0.0419522858610037,0.1453269812098237,14.53,1.78415097403835
2019-10-31,0.0397522055710253,0.0,0.0397522055710253,-0.0376559095245075,-0.0061095692403485,-0.0176367519158587,-0.0231639158112458,-0.0243066836502992,-0.0046109579604311,0.0431935520607542,0.1496268534571953,14.96,1.78415097403835
2019-11-29,0.0107925553393782,0.0,0.0107925553393782,0.0123988516088582,0.0095751998674788,-0.0209491939179952,0.0127511008228477,-0.0254260502301311,0.0122396767106017,0.0427979256564762,0.1482563633911448,14.83,1.78415097403835
2019-12-30,0.0720208107229276,0.0,0.0720208107229276,-0.0342699354476661,0.0033670800592923,-0.0324723630020856,-0.0123843662042889,0.0209892036088964,0.0096425495938199,0.0456271999646103,0.1580572570916199,15.81,1.78415097403835
2020-01-31,0.0679195359810117,0.0,0.0679195359810117,-0.0168486621503666,-0.0129377216953828,0.0006692868480495,-0.0301241307462389,-0.0112311398003945,0.0359554683176836,0.0483496989178058,0.1674882701125954,16.75,1.78415097403835
2020-02-28,0.0023643807817426,0.0,0.0023643807817426,0.0311168322090654,0.0130050474360228,-0.0005109947533136,0.0018988841184007,0.010582263199642,-0.0090319771307832,0.0483665478382611,0.1675466364851579,16.75,1.78415097403835
2020-03-31,-0.0116533593789512,0.0,-0.0116533593789512,-0.0332446488811401,0.0282599827888096,-0.0194299184829308,-0.054994275214731,0.0002379719134561,0.0286707581024958,0.0482526297114477,0.1671520125180702,16.72,1.78415097403835
2020-04-30,0.0291878710347999,0.0,0.0291878710347999,-0.004670403792521,0.0074591521955537,-0.0225307108601708,-0.005587239566658,0.01078537609899,-0.0600715635879957,0.0483549589854179,0.1675064915213061,16.75,1.78415097403835
2020-05-29,0.0397698625965347,0.0,0.0397698625965347,-0.0204727487807428,0.0056801442789709,-0.0326186491002771,-0.0308178178479075,-0.016970891625346,-0.0155968517523165,0.0488634314736116,0.1692678918889112,16.93,1.78415097403835
2020-06-30,0.0196940580862267,0.0,0.0196940580862267,-0.0204058327920198,0.0044114390722392,-0.0112744561083313,0.0195584998696454,0.0035418386126347,0.0039087010690249,0.0405868529330885,0.1405969827988705,14.06,1.78415097403835
2020-07-31,0.0346912293016546,0.0,0.0346912293016546,-0.0242999783538406,0.0108402398374467,0.0193816093313899,-0.0001357018921307,0.0156286662403527,0.0163822903266452,0.0388488209095187,0.1345762632588611,13.46,1.78415097403835
