"","ym","rm","rf","rm_rf","smb_ew","hml_ew","mom_ew","smb_vw","hml_vw","mom_vw"
"1","1983-02",0.187274476786144,0.00828333333333333,0.17899114345281,0.0059080144820568,0.00944804290628729,-0.099143573277609,0.0297226761488903,0.0372043812703627,-0.05851096902376
"2","1983-03",0.00430554148515862,0.00886944444444445,-0.00456390295928582,0.0323065751515505,0.0469261178834509,0.0405271068385489,-0.00198018499015599,0.0270015566889873,0.0681121214233679
"3","1983-04",0.086422555101629,0.00908333333333333,0.0773392217682956,-0.0572278610222306,0.0140057072830613,0.140571475156042,-0.0662349408405264,-0.00327220613840343,0.174779283523856
"4","1983-05",-0.00988834985260309,0.00921388888888889,-0.019102238741492,0.0659005917067096,0.00800804287501515,0.00835675094792773,0.0524275115787163,-0.0278399357809118,0.00165402058794216
"5","1983-06",-0.0329386941741884,0.00920833333333333,-0.0421470275075218,0.0181692029196407,0.0136850678940053,0.026217029891786,0.0109968230876222,0.0299202637124447,0.0210159684887083
"6","1983-07",0.0933333333333334,0.00985972222222222,0.0834736111111112,0.0185975964010402,0.0115990382475364,0.0505800077334299,0.0271532629959406,0.0169080113425791,0.0893371966732791
"7","1983-08",0.0839024390243903,0.00977361111111111,0.0741288279132792,0.0367204076317001,-0.016398981227551,0.0616261479245868,0.0829047134514959,0.0140082291829436,-0.0366353110742602
"8","1983-09",-0.016324359708698,0.00920833333333333,-0.0255326930420314,0.10320673752187,0.0081046747320207,-0.0211097063800808,0.0976302334021429,-0.0214118277107401,-0.00750923825431721
"9","1983-10",-0.0155762592022627,0.0104194444444444,-0.0259957036467072,0.0193483819981077,-0.00284660752824115,0.0434101599295618,0.00206323555022838,-0.00742159716839721,0.1033648502701
"10","1983-11",0.0767898261402286,0.0100833333333333,0.0667064928068953,0.021661044890173,0.025003326091148,0.0462047228193885,0.0388050719138558,0.0396809747025491,-0.00436561798693926
"11","1983-12",-0.0441222632033273,0.0103763888888889,-0.0544986520922162,-0.00433507924467285,0.0373518317810365,-0.0334723270902943,-0.00374689577998221,0.0327539490877951,-0.00450632333531498
"12","1984-01",0.0919278369558524,0.0101611111111111,0.0817667258447413,-0.00623866340500082,0.0422465331813912,-0.0406868888603897,0.00921150056138541,0.0345372418795651,-0.0271781950101982
"13","1984-02",-0.0226495244539677,0.00886111111111111,-0.0315106355650788,0.020364832077456,0.00906301158326951,-0.0119618099215177,0.0204100142232256,0.014194154036105,-0.00152321464921774
"14","1984-03",0.0385214531607592,0.0096875,0.0288339531607592,-0.000504891211000058,0.0855154989787137,-0.0697271304883307,-0.00136950531730309,0.0784088129950633,-0.0501585129822174
"15","1984-04",-0.0377222222222222,0.00875,-0.0464722222222222,0.00862577035091946,0.0358489649603236,-0.00758062414436547,0.0111708620062081,0.0561252865490072,-0.00378335123833848
"16","1984-05",-0.0721090006350671,0.00899861111111111,-0.0811076117461783,0.0220836411546566,0.0301816174094733,-0.0192202158130788,-0.00131434818201417,0.0347707095271126,-0.0244336383238814
"17","1984-06",0.0340550854488136,0.00966666666666667,0.0243884187821469,0.0296081579461709,-0.0115264527621262,-0.087687638040415,0.0151792944304642,-0.0166795375501364,-0.0537665350565879
"18","1984-07",0.00369048096594332,0.0117972222222222,-0.0081067412562789,0.0029501783667385,0.0123549460814496,0.00540343109403909,-0.0123166919658171,0.0162879521948975,0.000407790288733854
"19","1984-08",-0.0202030294552576,0.0117541666666667,-0.0319571961219243,0.00701682031801346,-0.0118701357522902,0.0225075614587752,-0.00961427130267643,0.00582363313749713,0.0210555227083798
"20","1984-09",-0.042320164793702,0.011375,-0.0536951647937021,-0.0383076168824737,-0.0352736463089211,0.0385586459325972,-0.0328527453375518,-0.023112925296627,0.0447359717492349
"21","1984-10",-0.0195715137575602,0.0117111111111111,-0.0312826248686713,-0.00866346232584668,-0.00609741178932331,0.0203413375161661,-0.0157542810575698,-0.00242832920670173,-0.00435669034410283
"22","1984-11",-0.043356430697048,0.00954166666666667,-0.0528980973637146,0.0088931878601656,0.0146495484341476,-0.0168119723960032,0.0211985149252063,0.00886042238117915,0.00826099706507433
"23","1984-12",0.00422333734474685,0.00990277777777778,-0.00567944043303093,-0.027503747871864,0.00610747897592299,0.0346181472719844,-0.00012056107920835,0.0339205020382227,0.020227467265442
"24","1985-01",0.0563682818187984,0.00990277777777778,0.0464655040410206,-0.0227528153923805,0.0448690191772202,-0.0737018891849218,-0.0416402396957198,0.0402283865083453,-0.0503049460403841
"25","1985-02",-0.0197131849315068,0.0105,-0.0302131849315068,0.0284871854184248,0.00798263159570694,-0.0518815236592605,0.00939156677868475,0.0101783583209946,-0.0247129943967102
"26","1985-03",-0.0197384222362934,0.0116680555555556,-0.031406477791849,0.0142275660015009,0.0321707207508063,-0.0143957038998786,0.0097579126323793,0.0367887079549658,-0.0225871386590788
"27","1985-04",0.0384675353602852,0.011375,0.0270925353602852,0.000965148678706972,0.0279340222284244,0.0253681227007295,0.00638027722197079,0.0121302578523535,0.0331082490587629
"28","1985-05",-0.0506842263309168,0.0117111111111111,-0.0623953374420279,-0.00206567161984546,-0.0054199354632422,0.00918055101700893,-0.00963807927388263,0.0178429255436169,0.0280373472385812
"29","1985-06",-0.0144377414763099,0.0134166666666667,-0.0278544081429766,-0.0128947873213792,0.0304772935661747,0.0112891156475613,-0.00981266462868029,0.0123384203338982,0.0188589535349857
"30","1985-07",0.0286565795506649,0.0138380555555556,0.0148185239951093,-0.0233730845078534,-0.00108524301463681,-0.00174059228253943,-0.0342663329448259,-0.00703455633386119,0.0143735620871261
"31","1985-08",-0.00216180075774459,0.0134763888888889,-0.0156381896466335,0.00948897399891711,0.0204188481952829,-0.00851968066311024,0.00624033207915251,0.0209426982441281,0.0223957675469013
"32","1985-09",0.0125298729144796,0.0133083333333333,-0.000778460418853688,-0.0288251857410294,0.0100965906476401,0.000779307351862692,-0.0202407235194902,-0.00816957481248416,0.0147235106821811
"33","1985-10",0.0405876384170821,0.0131319444444444,0.0274556939726377,-0.0358070372842719,0.00467420895763895,0.0449465964219235,-0.0579378628681541,0.00683496605441269,0.0726858696781955
"34","1985-11",0.108068003561284,0.0124833333333333,0.0955846702279504,-0.0563626531984697,0.0354197606999992,0.0121168686218433,-0.0508077202719328,0.0523049668962637,-0.060508325748582
"35","1985-12",0.0900290786654422,0.0111427777777778,0.0788863008876644,-0.0304378081635891,-0.0344635918209545,0.152369613468994,-0.030204937395925,-0.0420705611019724,0.156717472443313
"36","1986-01",0.0250272034820457,0.0108930555555556,0.0141341479264901,0.00185445531094837,-0.0102159343235428,-0.0309045430080391,0.00650188942408947,0.00678964102353402,-0.0482144072354693
"37","1986-02",0.0335593452503254,0.00882777777777778,0.0247315674725476,-0.0183290513327883,0.0641777490340326,-0.0355875229424468,-0.0194766766834159,0.0690624034355099,-0.0508572726371296
"38","1986-03",0.131750712345106,0.00955833333333333,0.122192379011773,-0.0407452224997606,-0.0234750744360516,0.00686477804116441,-0.0188335430463934,-0.0296052991343779,-0.0392044293634155
"39","1986-04",0.0716659103883367,0.00883333333333333,0.0628325770550034,0.0152498432991705,0.0537345243079392,0.03643002585961,0.0138950513711973,0.0571730590127464,0.0355079616371255
"40","1986-05",0.081351672517176,0.00947222222222222,0.0718794502949538,-0.00366596152275003,0.00615414233086381,0.0197016201464782,-0.00507251532716022,0.0165864128463767,0.054489028242227
"41","1986-06",0.0167995048566989,0.00833333333333333,0.00846617152336559,0.0202675597512023,-0.000744450128616247,-0.0411460060581008,0.0304812827349162,-0.0104951627698417,-0.0961819792251135
"42","1986-07",0.0380004720555534,0.00850777777777778,0.0294926942777757,0.0238776959552119,-0.0149516110336558,0.0229364962006372,0.0511659512444557,-0.0157393439299401,0.0497941817540587
"43","1986-08",0.0180473443596065,0.00800833333333333,0.0100390110262732,0.079889122874217,0.0192788046929372,-0.0481371345552166,0.0604448974264561,0.0306106823690817,-0.0739468270656198
"44","1986-09",0.00228058213622363,0.00769166666666667,-0.00541108453044304,-0.00479636662864554,-0.0131318082773653,0.0565208496776616,0.0268219610338642,-0.0168974546206457,0.0142902525398036
"45","1986-10",0.0781491907107672,0.00734527777777778,0.0708039129329894,-0.00373615074265506,-0.0189501129332142,-0.0689564213688488,0.00329779503899201,-0.0174735628660703,-0.119061958343451
"46","1986-11",-0.04059919715414,0.00685833333333333,-0.0474575304874733,0.0453041093687952,-0.013880287060285,-0.00537589272612206,0.0301190637558773,-0.0241713793601488,-0.00832451322088082
"47","1986-12",-0.00349241986143693,0.00775,-0.0112424198614369,0.00287038333264681,-0.0152263950312371,0.0266695995372718,0.017418018338986,-0.0394458774675682,0.0427462828673893
"48","1987-01",-0.118191231523731,0.00800833333333333,-0.126199564857064,0.0175519107105579,0.0382172679782364,-0.0284896960059635,0.0121532305618377,0.016895368490727,-0.0128579490887617
"49","1987-02",0.133361721895324,0.00785555555555555,0.125506166339768,-0.0138427848970448,-0.000221903053399294,-0.0153523917986508,-0.00262152592607867,0.011350173914334,-0.0791925348542468
"50","1987-03",0.046566701961722,0.00990277777777778,0.0366639241839443,0.0308198359088997,0.0265372068950814,-0.0930765990960584,0.0481272289554288,-0.0018875015181454,0.0123642178973047
"51","1987-04",0.0882170559502179,0.00864166666666667,0.0795753892835512,-0.0563186690662434,0.0365553121715992,-0.00650490753623663,-0.0158927267677733,0.0324267696368745,-0.0203294201873906
"52","1987-05",-0.0275417374787562,0.00775,-0.0352917374787562,0.0475309309128722,-0.00169222334274096,-0.0194537585146638,0.0358230778075678,-0.0153413026412382,-0.0421007114844997
"53","1987-06",0.021012593163711,0.00754166666666667,0.0134709264970444,0.00145640604575661,-0.00330856005553187,-0.00234107814755967,-0.000644042078159246,0.00869216472607219,0.0644380331955611
"54","1987-07",0.0838208197827203,0.00775,0.0760708197827203,0.0144133774749994,0.00472907112644917,0.016809548807614,0.0165502822868367,-0.0077017159571839,0.0304714369158544
"55","1987-08",0.0293281557727323,0.00743138888888889,0.0218967668838434,0.0314655050377739,0.044231098643951,0.0223153319410326,0.0399158258291443,0.0452654149344291,0.0250849746359077
"56","1987-09",0.0624452847898485,0.0075,0.0549452847898485,0.0211481248898927,0.0205707018786186,-0.0265291250534093,0.0150201967250726,0.0325644513065337,-0.0671410599534038
"57","1987-10",-0.205071355759429,0.00753472222222222,-0.212606077981651,-0.0104603391192038,-0.0269342923136232,0.0050218437097731,-0.00814458323330797,-0.0414627176033254,0.00687292858940244
"58","1987-11",-0.14226482437299,0.00756666666666667,-0.149831491039656,0.0279489556095115,-0.0126323242552638,0.0277735829721654,0.0343458821403705,-0.0313995071392137,0.0263117518725617
"59","1987-12",0.0290907731791792,0.00749166666666667,0.0215991065125125,0.00554600673858455,-0.0102207513500744,0.0223058511659671,0.0283661255467575,-0.0348791635815384,0.0115559672093886
"60","1988-01",0.119829057759591,0.00775,0.112079057759591,-0.0350919014882417,0.0541071701850012,-0.107444974862237,-0.0499816258753923,0.0496376737976683,-0.113195638415783
"61","1988-02",0.0255029784105775,0.00725,0.0182529784105775,0.0156958285094524,0.0141097191925762,-0.035671728612463,0.0274784310404383,0.0396194944621815,-0.0309522614156034
"62","1988-03",0.0334183727255476,0.0078275,0.0255908727255476,-0.0103621114428067,0.0706064037434448,-0.0435267179130609,-0.0142013396973122,0.0718943428211895,-0.0516700397093675
"63","1988-04",0.0320622679234504,0.00775,0.0243122679234504,-0.0139526594927084,0.0401557534813188,-0.0301712516233659,-0.0187973122571533,0.0323680037533094,-0.0278070514660224
"64","1988-05",0.0718091152603017,0.00904166666666667,0.062767448593635,-0.0159509530505682,0.0222479444831544,-0.000556339587736862,0.00373630305660701,0.0318726927430394,-0.0222101575949497
"65","1988-06",-0.005109004389686,0.00833333333333333,-0.0134423377230193,0.0306462524999734,0.0100093295215588,-0.0282101199513689,0.0276072704714912,-0.0160385331461599,-0.0268355738638291
"66","1988-07",0.042982147160787,0.00882638888888889,0.0341557582718981,-0.00571376884184883,0.0107383035155351,-0.0487142715198682,0.00181231488115374,-0.000773545951958637,-0.0458877411847292
"67","1988-08",-0.0346163759009591,0.00904166666666667,-0.0436580425676257,0.0187642906083558,0.00536506120035651,-0.0138523442788392,0.0213738558971034,0.00625508622993546,-0.0275370641275216
"68","1988-09",0.0578325231992929,0.00866666666666667,0.0491658565326262,-0.00230535989225468,-0.00194426687001656,-0.0259636191750559,-0.009849819471753,0.00889797800150158,-0.0243486402213895
"69","1988-10",0.0492054374880337,0.00895555555555556,0.0402498819324782,0.0085728834390698,-0.00830298288601461,0.049928304477492,0.0202568987389958,-0.0265988974167949,0.0365710272810301
"70","1988-11",0.00531685467816857,0.00866666666666667,-0.0033498119884981,-0.00210318253628879,0.00344318257165962,-0.00162097276147811,-0.00582921005077491,-0.0133950590568597,-0.032220383002512
"71","1988-12",0.059760233001378,0.00894694444444444,0.0508132885569335,-0.0174795247339859,0.0168395153998992,-0.020876278572786,-0.0251774992427545,0.0254264278129314,-0.0206811856380687
"72","1989-01",0.0586091993397901,0.00895555555555556,0.0496536437842345,-0.0487460433173703,0.0258117918931348,0.022238082398339,-0.0440624503680728,0.0344716082279168,0.00853948921217328
"73","1989-02",0.00813402759391631,0.00801111111111111,0.000122916482805196,0.00055400929502266,0.0212917652104379,-0.00545288333138224,-0.0129379820403546,0.0195552163506857,0.039605963061537
"74","1989-03",0.043792585243438,0.0096875,0.034105085243438,-0.0299711025515221,0.0104334460261266,-0.032174536337456,-0.0268372954783935,0.0110040594591022,-0.0338361525011378
"75","1989-04",0.0108959260838268,0.009375,0.00152092608382684,0.0297597087659732,-0.003288900570176,0.00181932511331699,0.0292908536079785,-0.00364811610672586,0.0587404049991343
"76","1989-05",0.0469717920353981,0.00964444444444444,0.0373273475909537,-0.0196964737446753,0.0117948765197909,0.0431078536339738,-0.01477215096745,0.00434146369618136,0.109642638287772
"77","1989-06",0.0438937094707926,0.00933333333333333,0.0345603761374592,-0.0208217671147936,-0.00182263793275319,0.043556437160239,-0.00763349975375338,-0.0215730249634088,0.0564960863647329
"78","1989-07",0.0695276472188309,0.0100577777777778,0.0594698694410532,-0.0340730582731296,-0.010945181384372,0.0291924826663243,-0.0316088311384829,-0.00571663366718375,0.00452192042248323
"79","1989-08",0.0296323459827764,0.0102472222222222,0.0193851237605542,-0.00510803655544782,-0.026665944558667,-0.0136340928737025,-0.00438853259616501,-0.0186339381343424,0.029035596775693
"80","1989-09",-0.0473167817465331,0.00975,-0.0570667817465331,0.0382414537805312,-0.0196189206707676,0.0558054291465367,0.0322859921032277,-0.026676078105704,0.0293744099525194
"81","1989-10",-0.0630407911001236,0.0102472222222222,-0.0732880133223459,0.0376152337040349,-0.0454769368362706,0.0498102095083754,0.0221058135330308,-0.0497578364398381,0.0850337519383896
"82","1989-11",-0.0265847223116031,0.00988333333333333,-0.0364680556449365,-0.00185678651603852,0.0276378363433085,-0.0399452068990068,-0.00890071725379236,-0.013492696738381,-0.0268081463903046
"83","1989-12",0.0769805433065141,0.00998888888888889,0.0669916544176252,-0.0377519924576422,-0.00825805906004305,0.0337691490956528,-0.0413218824208187,0.0047058719157212,-0.00676405986037522
"84","1990-01",-0.0182317084399919,0.0105916666666667,-0.0288233751066586,-0.00865710688151093,-0.0184065069035885,0.0571100614102054,-0.0139099818317252,-0.014473266912621,0.0847699272427399
"85","1990-02",-0.0515403325142403,0.00972222222222222,-0.0612625547364625,0.0433550715180893,0.0116322078225494,-0.0816578218174993,0.0439113562934307,0.014096932884955,-0.0528630780378842
"86","1990-03",-0.0280176676115763,0.0124861111111111,-0.0405037787226874,0.0322841398977811,0.0108911156947187,-0.00415533729597238,0.0351887099596441,-0.0230531053709608,0.00707983527235358
"87","1990-04",0.0103906673901248,0.0122916666666667,-0.00190099927654187,0.00216483967684585,0.00723351888073183,-0.0140859015536087,0.00534426023122178,0.0216316860979437,0.0159168298392557
"88","1990-05",0.112168729694171,0.0114527777777778,0.100715951916393,-0.0694589484058988,0.00902293963108827,0.0638278476108677,-0.0812111922335882,-0.0268991854225267,0.0878154617986176
"89","1990-06",0.0357733489455702,0.0104583333333333,0.0253150156122369,-0.0171410383925742,0.0166857430895777,0.0217222007866119,-0.0250776900206756,0.0237680770446762,-0.00197583567778027
"90","1990-07",0.00385177933558283,0.0104108333333333,-0.00655905399775051,0.00918356058291571,0.0132004117161163,-0.00325549106255191,0.00707947753634336,0.0226418392440162,-0.0177962334028598
"91","1990-08",-0.117989202995298,0.0105055555555556,-0.128494758550854,0.0462298731690312,-0.0341770393504299,0.0198647043622243,0.0455781990281723,-0.0324154611633064,0.00572505438372822
"92","1990-09",-0.215230611277839,0.0107,-0.225930611277839,0.0651870650308143,-0.0255205618586135,0.0736551109751314,0.037696358902865,-0.0281039356643804,0.106110934857229
"93","1990-10",-0.0104997442154964,0.0108069444444444,-0.0213066886599408,-0.0567201310693818,-0.00619007781975416,0.0698973190353905,-0.0764225801202957,-0.0257370734652419,0.123184579802123
"94","1990-11",-0.0645060132724238,0.013375,-0.0778810132724238,-0.0315470309761885,-0.00671484840468171,0.0880144196166437,-0.0193137547646965,0.0067011218338448,0.0509601422777675
"95","1990-12",0.032778271032271,0.0123138888888889,0.0204643821433821,-0.0433114546621946,0.00618073164857902,0.0219781625024958,-0.0200066091748095,0.0197124190201435,-0.0194095398320286
"96","1991-01",0.116179515070704,0.0121847222222222,0.103994792848482,-0.1308526974276,0.072973101060718,-0.0809243081247159,-0.107264247861753,0.109989225151813,-0.103116320890749
"97","1991-02",0.102467777428482,0.0101188888888889,0.0923488885395927,-0.0142334253540362,0.116840493094393,-0.162469141893256,-0.0295238262508209,0.0593485435985405,-0.112737279125102
"98","1991-03",0.022098974892713,0.0104366666666667,0.0116623082260464,0.0416974552325054,0.0459147040462253,-0.279711960891503,0.00270661603154848,0.0443432248381254,-0.0201667739371549
"99","1991-04",-0.0335128122864038,0.0100333333333333,-0.0435461456197372,-0.0144746899799887,-0.00530151082802305,0.121237363942249,-0.00424745933827543,0.0175268587941441,0.115294853874863
"100","1991-05",0.0761475900788754,0.0104625,0.0656850900788754,-0.0707276648617813,0.0289030948034923,0.0386123712127012,-0.0927156815566849,0.0106873441200165,0.0829905426005119
"101","1991-06",0.0213378038558256,0.009375,0.0119628038558256,-0.0749311664025757,-0.0155062325501615,0.101037404248114,-0.0455322882698558,-0.0367578759666566,0.1272537461949
"102","1991-07",-0.012658643397874,0.00886944444444445,-0.0215280878423184,0.0294711716038022,0.0445193079979,-0.143944804561568,-0.0189613760714449,0.00766871004494638,-0.0337582528738447
"103","1991-08",-0.0171433511328045,0.00882638888888889,-0.0259697400216934,-0.0773301355234556,-0.0738054589941461,0.184495729809079,-0.0725637751562515,-0.102598894155496,0.207904016401339
"104","1991-09",-0.0565828377345213,0.00855833333333333,-0.0651411710678546,0.0241730112352908,-0.0628972746355212,-0.117959839745437,-0.0114912784125947,-0.0352085444944295,0.0230692467281814
"105","1991-10",-0.018918802621954,0.00868861111111111,-0.0276074137330651,-0.0331431854551833,-0.0599049371050635,0.0927824144250366,-0.0359660506326202,-0.0798145244032649,0.0898935163742316
"106","1991-11",-0.0598538011695907,0.00870833333333333,-0.0685621345029241,0.00151589819564635,-0.0117880762950671,0.0797005661559245,-0.00240979912439487,-0.0114712581761267,0.138496970123545
"107","1991-12",-0.0389699250458743,0.0102816666666667,-0.049251591712541,-0.0426815852923421,-0.0520713967828937,0.0726864838931736,-0.0295428713930351,-0.092709871074262,0.0621606498195285
"108","1992-01",0.0573462783171523,0.0118575,0.0454887783171523,0.0198401997544808,0.0990305115087841,-0.212179411190524,-0.0564060690463131,0.0741813127486063,-0.0493287557670807
"109","1992-02",-0.030454211557297,0.00986,-0.040314211557297,-0.106455515233464,-0.0343228542341306,0.28800571367951,-0.0783374403807993,-0.0522508884913107,0.317536510562963
"110","1992-03",0.0632635666256276,0.0102644444444444,0.0529991221811831,0.0136001184515438,0.0765046935037245,-0.0381622608626457,0.0237690106210739,0.0697908774420805,-0.0581115217119811
"111","1992-04",-0.00944894747780658,0.0096,-0.0190489474778066,0.00313881222999757,-0.0340069172627082,0.0867572554698566,-0.00654872622987773,0.00054833177975501,0.108691497111049
"112","1992-05",0.0263917093165282,0.0104194444444444,0.0159722648720838,-0.0794849419263339,-0.0308289293346567,0.148368952856407,-0.054898485840046,-0.0220821377092702,0.172879493528802
"113","1992-06",-0.0762997087017149,0.00941666666666667,-0.0857163753683816,0.00589979040561153,-0.026152691744434,0.0928163462599154,-0.0179873535359757,-0.0424132025969585,0.160448854663229
"114","1992-07",-0.0563933545154203,0.00991138888888889,-0.0663047434043092,0.0719872122184701,0.0920712915236152,-0.369694072386307,0.014539505463923,0.0150795280742554,-0.181377241447792
"115","1992-08",-0.103302704649585,0.0105313888888889,-0.113834093538474,0.0152371351345038,-0.0484698025395474,-0.0299598514646307,-0.0326421532014519,-0.0995993419808141,0.0937690017898989
"116","1992-09",-0.0983055280512638,0.013,-0.111305528051264,-0.0118417535934145,-0.0648551951390609,0.233119906916763,-0.0882479992087342,-0.0543793360014155,0.334045685761523
"117","1992-10",0.0146897337615251,0.0223888888888889,-0.00769915512736382,0.0195201813272652,0.163577421032497,-0.332667984636353,0.0414592354488964,0.0897819396183793,-0.194118151583161
"118","1992-11",0.275125576836689,0.0105,0.264625576836689,-0.120871776011853,0.284378497917403,-0.581124238568814,-0.113286005897016,0.274084519815764,-0.385415122889969
"119","1992-12",0.0124183320522675,0.0105486111111111,0.00186972094115635,0.0346670147097478,0.0414021815674047,-0.0244189102560994,-0.028094710932206,-0.0647025361718581,0.0631375550082928
"120","1993-01",-0.0192412631379155,0.00919666666666667,-0.0284379298045822,0.10212666088335,0.122618243339587,-0.0114789409593627,0.165195724116592,0.215412325532216,0.0847631427377008
"121","1993-02",0.117615753060138,0.00771555555555556,0.109900197504583,0.0771133655751656,0.0384514609365509,-0.304165459123879,0.0435942536698097,-0.0192502758016917,-0.194419240176785
"122","1993-03",-0.00533910533910544,0.0084475,-0.0137866053391054,-0.0388591887642425,-0.0643563555407457,-0.0948900246864782,-0.0205378802756061,-0.0855736202989795,0.00969929953728504
"123","1993-04",0.0401784418975773,0.00839166666666667,0.0317867752309106,-0.000859872032728467,-0.0563857180892609,0.114357326011766,0.0209525770092619,-0.0195775959928965,0.11661767392622
"124","1993-05",0.076590492262847,0.00799111111111111,0.0685993811517359,0.259809738384906,0.240588210224833,0.0775647734928276,0.0796785417328147,0.0585879904778221,-0.113677144869294
"125","1993-06",-0.0115557513181588,0.007025,-0.0185807513181588,0.0135586367107797,0.0183980517690682,0.0443550720515308,0.0249950017426662,0.000669532462840093,0.128167358473838
"126","1993-07",0.110741949435772,0.00735388888888889,0.103388060546883,0.171052033656943,0.0938087726649273,-0.271503802536814,0.0874361155652445,0.160831273275605,-0.264770598886931
"127","1993-08",0.0652046938883875,0.00708694444444444,0.058117749443943,-0.0305436260334459,-0.025449683242909,-0.063576606844234,-0.00400890885887666,-0.016607575198823,-0.037553978877099
"128","1993-09",0.0105456136561265,0.0065,0.00404561365612655,0.00888763770034351,-0.0960476680634329,0.142845091739442,-0.00993405608375183,-0.063200606169082,0.124995311929637
"129","1993-10",0.101456265449184,0.0067425,0.0947137654491844,0.0397865773172166,0.0839809860638552,-0.0839738644070326,0.0607977325108788,0.114938231575438,0.030390019250507
"130","1993-11",-0.085935789494636,0.00608333333333333,-0.0920191228279693,-0.0182077657164436,0.0360503852833943,-0.0678413926649828,0.00749743930239,0.0643489552383369,-0.0976133517685112
"131","1993-12",0.0760993826690039,0.00648416666666667,0.0696152160023372,-0.00114697871320914,0.0272073444772299,-0.0383760293969813,-0.0195428533924821,-0.0209634915176857,-0.0463034144168056
"132","1994-01",0.143529971215087,0.00626027777777778,0.13726969343731,0.122424195480319,0.13529673092772,-0.0398047915640019,0.0977784086917004,0.117882580730112,0.0361055645149765
"133","1994-02",-0.0405450242208408,0.00535888888888889,-0.0459039131097297,0.082844415134039,-0.0176405937727161,-0.00701772579603016,0.0445535041718819,-0.0154660411532169,-0.0170310789389065
"134","1994-03",-0.0877074880118038,0.00619138888888889,-0.0938988769006927,-0.0498846584862401,-0.013300109841155,-0.017885107088524,-0.0159154360590803,-0.00412058157304505,-0.0181152024792528
"135","1994-04",0.0606849356609285,0.00594166666666667,0.0547432689942619,-0.028814825234012,-0.0214156624833799,0.0459266394426473,-0.00510401019777151,-0.0110626645421834,0.058620882832419
"136","1994-05",0.00657565577871472,0.00606222222222222,0.0005134335564925,-0.0110389588650573,0.024596083029577,0.0254764303066099,-0.0186948262751235,0.0180036926401849,0.00209585507790566
"137","1994-06",-0.0700892328812515,0.00573333333333333,-0.0758225662145849,0.0121076674501143,0.0164235499923062,-0.123483317540499,0.0134390453333185,-0.00983410074083562,-0.0799688987341627
"138","1994-07",0.0668146345684919,0.00599333333333333,0.0608213012351586,-0.0321476148427212,0.015842267000844,-0.00945606133356576,-0.0403581080819741,0.00464883887344543,0.0106380885502376
"139","1994-08",-0.00792120784104139,0.00614833333333333,-0.0140695411743747,-0.0227006832704874,-0.0104899946951996,0.0193687358346917,-0.0214801094568942,-0.00259874345250889,0.0373661570868156
"140","1994-09",-0.0276040865014621,0.00611666666666667,-0.0337207531681288,0.00198396854040311,0.0494836496642153,-0.055567315837615,-0.000305447906184725,0.0251112748199398,-0.0496827586633552
"141","1994-10",0.0514876462295648,0.00644111111111111,0.0450465351184537,0.0180607260114764,-0.00879764158823793,0.0694067375287634,0.00599137533535883,-0.0172261437237617,0.0682469526853218
"142","1994-11",0.0146584248308827,0.00619166666666667,0.00846675816421604,0.0183120209523336,0.0136851859105691,0.00456812736674367,0.0118293459465443,0.0204674685246935,-0.0157821140995148
"143","1994-12",-0.0239046780101071,0.00675111111111111,-0.0306557891212182,0.0247645088122275,0.00687111649401149,0.0261152560218333,0.033033665535699,0.00245198885552865,0.00159482650389414
"144","1995-01",0.0291639355163535,0.00681138888888889,0.0223525466274646,0.0129739620794625,-0.0099889590243528,0.00929365462702221,0.00132509768149448,0.0450108064297631,0.0594056644589483
"145","1995-02",-0.00104304162012967,0.00577111111111111,-0.00681415273124078,0.00235469405458765,-0.0083392456467291,-0.0221875960987677,0.00408898680832613,0.00149355825609138,-0.0343867499270854
"146","1995-03",-0.0349183175635718,0.00700944444444444,-0.0419277620080163,-0.0261429209947766,-0.0318636948420729,0.00263831174683465,-0.0441291041809922,-0.0691031720411613,-0.00877817304637382
"147","1995-04",0.0795681937862033,0.00703333333333333,0.0725348604528699,-0.037829107765532,-0.00646614514812688,0.0621505563622676,-0.0351530297304316,0.00598099818762604,0.0466854631904519
"148","1995-05",0.0250320383484618,0.0073625,0.0176695383484618,-0.0127507259809727,0.0318946513326113,-0.047250308993521,-0.0169923412004272,0.00129638126160282,-0.0283914557735599
"149","1995-06",0.040165515928637,0.00710833333333333,0.0330571825953037,-0.00641929533287578,-0.00469081503753669,0.0389244473548992,-0.0165943272799777,0.00197327018361919,0.065568491180126
"150","1995-07",0.0407905490131654,0.007905,0.0328855490131654,-0.0035644136449484,-0.00571769290310066,-0.0509566620311221,-0.000802097332370841,-0.00896398964823763,-0.0943369426750037
"151","1995-08",0.00632012537952321,0.00783611111111111,-0.0015159857315879,0.00252561311288804,-0.0210147432391308,0.020258362094065,-0.00260487435646403,-0.0471146169052405,0.0294474460562237
"152","1995-09",0.0706342140604488,0.00745,0.0631842140604488,0.0101186191727475,-0.0156160235819816,-0.0490955716210791,-0.00888036674291564,7.17800066562177e-05,-0.0164628499679568
"153","1995-10",-0.0695462759107714,0.00761222222222222,-0.0771584981329937,0.0326193314290836,-0.00699481665614121,0.0241322273533979,0.0439752859738711,0.00633702609942639,-0.0382415995415885
"154","1995-11",0.0156043030023516,0.00714166666666667,0.0084626363356849,-0.0157856703739101,0.0095970198061214,0.0158232167792824,0.00294296008486231,0.00628537079877757,0.0137636411722107
"155","1995-12",-0.00299472528007361,0.00766388888888889,-0.0106586141689625,-0.00630905190112843,-0.0234621668227528,0.0356693020627939,0.00810204380107395,-0.00497377068193477,-0.0088600231352356
"156","1996-01",0.0175098892547406,0.00741416666666667,0.0100957225880739,-0.00135006922782904,-0.004614708514865,-0.0510201928347452,0.00841203826023065,-0.0181151326246986,-0.0422539319045796
"157","1996-02",0.0564398601664213,0.00633166666666667,0.0501081934997547,-0.0331466342439455,0.000761280703511794,-0.0155640272214298,-0.0560119571849124,-0.00328022833182356,-0.0304695424740256
"158","1996-03",0.0173728153814033,0.00640666666666667,0.0109661487147366,0.0105627379538443,-0.0130564695669056,-0.0204891898836757,0.0103004703083316,-0.00367988951091628,-0.00909803003148626
"159","1996-04",0.0288829982485629,0.00581666666666667,0.0230663315818962,-0.0221282751342121,-0.00160455503966983,-0.0386846970258814,0.0124598606979627,0.0189280995100659,-0.0432330424473854
"160","1996-05",0.040285525918909,0.00535611111111111,0.0349294148077979,0.0419708124093001,-0.0271048835101088,0.0657334868232093,0.0280798288786537,-0.0183958000907923,0.080183872766014
"161","1996-06",0.00666848601903179,0.00509166666666667,0.00157681935236513,0.0112988129014772,-0.0271457887343148,0.0230575262350902,0.028341726917503,0.00249052252433336,0.0301591352732495
"162","1996-07",-0.0414586378919801,0.00490833333333333,-0.0463669712253134,0.0121855091545948,0.0122856229166484,0.0193997134310029,0.0213373512086831,0.0290311723636201,0.0268422310225046
"163","1996-08",0.0551967094274249,0.00461555555555556,0.0505811538718693,-0.0133121919569654,0.020096146155994,-0.0716928342450037,-0.0204853139207187,-0.0045886767525494,-0.085830248847743
"164","1996-09",0.0434616572766006,0.004175,0.0392866572766006,-0.0087329781879543,0.00445552230177225,0.000414102380355382,0.00220824443373444,0.0162845512586706,0.0200528665448817
"165","1996-10",0.0224872405448284,0.0041075,0.0183797405448284,0.0398677087422522,-0.0480770728849525,0.0987185385981753,0.026355458517307,-0.053215596805947,0.0553040972393986
"166","1996-11",0.0812355659802169,0.00373333333333333,0.0775022326468836,0.0359568911520011,-0.0524632011360276,0.103823364438316,0.0181579889705952,-0.0403548658332341,0.0637801161697732
"167","1996-12",0.0374080227372894,0.00368555555555556,0.0337224671817339,0.0177431419007715,-0.00486354822553887,0.0438779082568476,0.0180537928886368,0.010626916638222,0.0296050114442586
"168","1997-01",0.0704532557376619,0.00319472222222222,0.0672585335154397,0.0178936341219201,0.00127028383031522,0.0163514820644156,0.0287845603590389,0.0109832296206026,0.0352477361222013
"169","1997-02",0.0455769254755061,0.00300222222222222,0.0425747032532839,-0.00750104373508154,0.0509933575511211,-0.028581718739358,-0.00427999653504058,0.0666002002792492,-0.0498419107640953
"170","1997-03",0.0376259218645931,0.00352194444444444,0.0341039774201486,-0.0278862374317657,0.0233763018369745,-0.052961718922478,-0.0412716413635245,0.00308124632626406,-0.0475441860612421
"171","1997-04",-0.0223084048489055,0.00334166666666667,-0.0256500715155721,-0.0105651151479315,0.00466093780405055,-0.0167468277723197,-0.00995433392714087,0.0150930187046829,-0.0222535343266897
"172","1997-05",0.0645037520258402,0.00351333333333333,0.0609904186925068,-0.0152818461980558,-0.00472957603850845,0.0135397316446187,-0.0318468451331286,-0.00555700224219501,0.00974209725294073
"173","1997-06",0.0668890134202498,0.003375,0.0635140134202498,-0.0684895465930838,0.00333993852453026,0.0221737147327481,-0.0650881823270524,-0.0259155388443452,-0.00769377161058666
"174","1997-07",0.0564774734269856,0.00353055555555556,0.05294691787143,-0.0313662941621169,0.00221197648794031,0.0192124606611472,-0.0195916357826358,0.00678574108926555,0.0473657230586702
"175","1997-08",-0.0482271007759201,0.003565,-0.0517921007759201,0.0742769914541154,0.0230274043897688,-0.0114164238861448,0.0596756044626118,0.0330842035377852,-0.0439447077510121
"176","1997-09",0.0677747430763419,0.00335833333333333,0.0644164097430086,0.020070030836699,-0.0108109327229668,0.0688574151991815,0.00159006148026496,-0.0121858045054637,0.0464294874789716
"177","1997-10",-0.112190642896175,0.00355638888888889,-0.115747031785064,0.0102612742278789,-0.0393052714194516,-0.00187772416436882,0.0312667996952266,0.00665144202919155,0.0111400874551355
"178","1997-11",0.0492101444439535,0.00345833333333333,0.0457518111106202,-0.034975040628965,-0.0404408922302946,0.0204670432514409,-0.0273017017091257,-0.0222931030448137,-0.109600324029922
"179","1997-12",-0.00815706241944135,0.00374583333333333,-0.0119028957527747,0.00662147750743161,-0.0281776019625981,0.0482713761275789,0.0208030641871178,0.00682285251835579,-0.0242066241109323
"180","1998-01",0.0347660692459989,0.00373722222222222,0.0310288470237767,-0.0184994872223221,0.00883808274727077,-0.0332473020151682,-0.0154303434583426,0.0141341169213609,0.0122852394396818
"181","1998-02",0.0757639355853604,0.00325111111111111,0.0725128244742493,-0.0176457130041462,-0.00939812208203165,0.0407578999910354,-0.0305549893449859,-0.0199696536896678,0.0703705263416308
"182","1998-03",0.0667871522991365,0.00384055555555556,0.0629465967435809,-0.0271467583524937,-0.0254724510719174,0.044473227739239,-0.00355712339546466,0.00750329814908252,0.0507142098110253
"183","1998-04",0.0268287967798026,0.00366666666666667,0.0231621301131359,-0.0298245668951263,-0.0395653911393711,0.151925240846429,-0.00863150244815527,-0.0367380392052067,0.154289770227249
"184","1998-05",0.0402624735355238,0.00388361111111111,0.0363788624244127,-0.00449153380829955,-0.0642263747559989,0.114207097319015,-0.0165414608371799,-0.0501725472410425,0.0992830969385703
"185","1998-06",0.00921117947104028,0.00356666666666667,0.00564451280437362,-0.00306666119421856,-0.0332168008776466,0.0534233198447053,-0.003418055982559,-0.0348702285868661,0.0755920665675445
"186","1998-07",-0.00448459124419349,0.00358222222222222,-0.00806681346641571,0.012122064434612,-0.0680220605692821,0.142684098860783,0.0140411610594013,-0.0368993710191512,0.174603476000192
"187","1998-08",-0.144304646798472,0.00359944444444444,-0.147904091242916,-0.0115632339189691,-0.00636447312893271,0.0130836652335866,-0.0181195121008725,0.00578967933440908,0.0637555446412662
"188","1998-09",-0.103158715468398,0.0035,-0.106658715468398,0.00668272144337838,0.0279477467006387,-0.019637671626707,0.0370994373236042,0.0478982184503482,-0.0148386762957141
"189","1998-10",0.0442110847339132,0.00365111111111111,0.0405599736228021,-0.0657360445638126,-0.0340015105234481,0.0377873763236448,-0.0678381301239474,0.000526261810558749,0.00703340849021661
"190","1998-11",0.123017840366418,0.00329166666666667,0.119726173699752,0.0584545381247963,-0.0652921252020564,0.0044591791199769,0.0121058267204641,-0.104498017056485,0.101506102349488
"191","1998-12",-0.0139412416802232,0.00313444444444444,-0.0170756861246677,0.00257864415900137,-0.0263917300664338,0.027754665323231,0.0149370497619774,-0.0167632445112309,0.0688781569627309
"192","1999-01",0.0239834331749279,0.00297944444444444,0.0210039887304834,-0.0152583821412856,0.0136312975760953,-0.0105004517928165,-0.0486172027811358,0.0373820493084429,-0.00812615170678619
"193","1999-02",0.0147036651162285,0.00244222222222222,0.0122614428940063,-0.00829602111428569,0.0743784636311705,-0.120741256319832,0.00977277651449063,0.0660038815607339,-0.0336382926283854
"194","1999-03",0.0263827642369599,0.00277277777777778,0.0236099864591821,-0.0412010800835786,0.0803079329863395,-0.126274121242865,-0.0526396362932567,0.102890109876938,-0.177685183761534
"195","1999-04",0.0618784669103015,0.0024,0.0594784669103015,-0.0265548312529388,0.0590877268391298,-0.0730657855353753,-0.0310412332163827,0.0523290143131973,-0.0390948975608586
"196","1999-05",-0.000277387080538597,0.00245847222222222,-0.00273585930276082,0.0443650857081668,-0.00873054247825424,-0.0337016881386667,0.0465254771941813,-0.0238858351449399,-0.0457802959263039
"197","1999-06",0.0552322623792764,0.00246666666666667,0.0527655957126098,-0.0423468214125837,-0.0193390743548448,0.0970660362658638,-0.0723271079215342,-0.018586128921761,0.111294376126541
"198","1999-07",-0.00616528729837011,0.00251444444444444,-0.00867973174281456,-0.00949500603995437,-0.00693491819457833,0.0686723987857597,-0.0311265794309741,-0.00259797062324989,0.102519913856716
"199","1999-08",0.0191062853834288,0.00256611111111111,0.0165401742723177,-0.00775407792242104,0.00209029084684897,0.0115599848105071,-0.00322229050047833,0.00242969472379437,0.0184681148218322
"200","1999-09",-0.00117579999140625,0.00246666666666667,-0.00364246665807292,0.0565438582771502,-0.00199167191814556,-0.107345657242253,0.0425736308426366,-0.0158913892124832,-0.0692445966011986
"201","1999-10",0.0809234241501955,0.00268666666666667,0.0782367574835288,-0.00605647424933577,-0.0408185626339558,0.0660007665889346,-0.0661826065898549,-0.0972905531136455,0.0188810934676024
"202","1999-11",0.117943968255782,0.00261666666666667,0.115327301589116,0.148652679303933,-0.131034715034344,0.136568402148841,0.074843751212697,-0.200271298952983,0.0209464946882594
"203","1999-12",0.162368939654696,0.00285888888888889,0.159510050765807,0.0784081744050334,-0.163348539146356,0.0365364207325187,0.0663391572951213,-0.272293752043173,0.0937518318948807
"204","2000-01",0.0222162911091843,0.00291055555555556,0.0193057355536287,0.229899283520215,-0.0919447080444865,-0.257536299249511,0.0786353807295832,-0.140325502438133,0.0925741894581767
"205","2000-02",0.157799287664003,0.00279527777777778,0.155004009886225,0.042433532810848,-0.206682707204675,0.167774207778813,0.0420194874943679,-0.255982946519803,0.172965464995226
"206","2000-03",-0.0378586869377902,0.00340138888888889,-0.041260075826679,0.0665304391868762,0.114850272374874,-0.157203668829846,0.00664077556159692,0.144295117411295,-0.237694166077582
"207","2000-04",0.0186460420477859,0.00319166666666667,0.0154543753811192,-0.0289183233152861,0.0887431248362227,-0.117923128043184,-0.0256578418212986,0.00370797304929517,-0.104950576963582
"208","2000-05",-0.0277673552091138,0.00341,-0.0311773552091138,-0.0443835728019076,0.0675008639565062,-0.0665150029218807,-0.0123331752034605,0.060747809569086,-0.0810403249766981
"209","2000-06",-0.0470631856197244,0.00316666666666667,-0.0502298522863911,-0.0480465630425087,0.109380718147832,-0.139672310004649,-0.0699057343310016,0.0857562542161429,-0.104659486883235
"210","2000-07",0.00861875794809107,0.00335833333333333,0.00526042461475774,-0.0286920703716094,0.0292487192753428,-0.00936628375515075,-0.0233638752183464,0.0130060092096178,0.0171432440720012
"211","2000-08",0.0184908788313306,0.00340138888888889,0.0150894899424417,0.0188021296730701,-0.0559748523202461,0.0551943366396655,-0.0418124833520558,0.026696741431137,0.0671967497726395
"212","2000-09",-0.0824433265690024,0.00318333333333333,-0.0856266599023357,0.0255811140135969,0.0831994652134348,-0.115596731859591,0.111430173900856,0.104243244330992,-0.0983684306428162
"213","2000-10",-0.0319535842597382,0.00341861111111111,-0.0353721953708493,-0.0610399681754907,0.131843597696758,-0.0573318201537245,-0.0110441094605641,0.0966238665801986,-0.0549926578985922
"214","2000-11",-0.0692512337683,0.00315833333333333,-0.0724095671016334,-0.0309195068858649,0.127276164776988,-0.0879990538094912,-0.0755284254058696,0.198031063968527,-0.0860180909252916
"215","2000-12",-0.0226930156912791,0.00347888888888889,-0.026171904580168,-0.108470391649201,0.0482062788013074,-0.122399922176372,-0.0447159636160419,0.0148730201451914,0.0766918056353602
"216","2001-01",0.0547564062643056,0.00353916666666667,0.0512172395976389,0.165308658505476,-0.00390486973721216,-0.447672278363892,0.0162265898651189,-0.00343892736786711,-0.192694736591628
"217","2001-02",-0.107883703913967,0.00302555555555556,-0.110909259469522,-0.0748915513474008,0.205144623467008,0.248806449321945,-0.0487633818677294,0.207256182680229,0.276967982443998
"218","2001-03",-0.129533374618797,0.00354777777777778,-0.133081152396575,-0.0221029118323688,0.0510726089728791,0.0971744503345932,0.0490258014878288,0.101706634914664,0.198393964813805
"219","2001-04",0.122261002360838,0.003325,0.118936002360838,-0.0697057434559434,-0.00116220968979586,0.0178567795755433,-0.061833448894756,-0.00902336336060507,-0.0124612085005374
"220","2001-05",0.00786942338063978,0.00347888888888889,0.00439053449175089,0.00255697897949263,0.0544388669963572,0.0403268150141648,0.0456872737845298,0.0467940841433664,0.0627112682281936
"221","2001-06",-0.053786205146975,0.00334166666666667,-0.0571278718136416,-0.0395119984086978,0.0442523520009845,0.277980234364578,-0.0544201352256516,0.0607465692187276,0.217422438799561
"222","2001-07",-0.0199186587597225,0.00365972222222222,-0.0235783809819447,-0.0125024254177824,0.0367217904490958,-0.00462270687775002,-0.0528910840314225,0.0320825374533106,0.116404174671442
"223","2001-08",-0.0771579079112801,0.00365972222222222,-0.0808176301335023,-0.0350930771059097,-0.00134018828264128,0.121859865255711,-0.0385568133073701,0.0396165044931661,0.094109752399813
"224","2001-09",-0.115902472027151,0.00355,-0.119452472027151,-0.0158684345478863,0.0150610657958852,-0.0472835507480082,-0.0371506564104078,0.00999888420504011,0.228376091269145
"225","2001-10",0.0689939807626168,0.00319472222222222,0.0657992585403946,0.0101934708914589,0.0202696543652579,-0.128344079043343,0.0278128853274959,-0.0273522968489654,-0.136679686285782
"226","2001-11",0.117881463063739,0.003075,0.114806463063739,0.100917518022497,0.0657284864316929,-0.257549239065717,0.0666743404356974,-0.0264580458522003,-0.346198410901139
"227","2001-12",0.0165819897538529,0.00321194444444444,0.0133700453094085,-0.0485651702479509,-0.030355000340034,0.0601551183854939,-0.00357205278646236,-0.029209232598259,0.102428508605066
"228","2002-01",-0.0592954579046629,0.00321194444444444,-0.0625074023491073,0.00514169424514241,0.0418053007196482,0.00104610870444325,0.075927923371003,0.0807204404595735,0.0258269254900034
"229","2002-02",0.00701581871863589,0.00294,0.00407581871863589,-0.03743981614713,0.00729381214220208,-0.0477079233185375,-0.0264566297780396,0.00757740816536164,0.12869374559768
"230","2002-03",0.0272965632640012,0.0033325,0.0239640632640012,-0.00752166730192472,-0.0266271316347459,0.0360443176619793,-0.0104979543738564,-0.0140663539875133,0.00184893074284153
"231","2002-04",-0.0771047353575885,0.003375,-0.0804797353575885,-0.0528522932024222,-0.00458723686529687,0.117815417246009,-0.00406738574112021,-0.0201651302690888,0.192616482292875
"232","2002-05",-0.059869994814666,0.00366833333333333,-0.0635383281479993,-0.0159141275359055,0.00421933166682931,0.0922921470354186,0.0210473996383423,-0.019430393491541,0.123058120772008
"233","2002-06",-0.074970218063457,0.00353333333333333,-0.0785035513967903,-0.0142043163565714,0.0502947314866364,-0.0627723618192611,-0.00552924800426095,0.0206863755914497,0.0432147821705552
"234","2002-07",-0.109516253396015,0.00365111111111111,-0.113167364507126,0.0361822920467152,0.0384117178892713,0.00445609068911298,0.0354359093100697,0.033440949055955,0.0950165672660878
"235","2002-08",-0.0266856771123314,0.00362527777777778,-0.0303109548901092,-0.0186808402815734,-0.00173292359379219,-0.0111876227313253,-0.0120944039011649,0.0429190240240034,0.0782856080963882
"236","2002-09",-0.150338488090461,0.00346666666666667,-0.153805154757128,0.0308717837854464,-0.0801427598791096,0.119447331051689,-0.0573392474363775,-0.060826612957133,0.147063156968836
"237","2002-10",0.128873190063589,0.00359083333333333,0.125282356730256,0.132396549508143,0.279338606126674,-0.626536447713884,0.0331713937733594,0.127391785808316,-0.377351285182117
"238","2002-11",0.128262292816318,0.0034,0.124862292816318,0.077785849892391,0.0902270251896471,-0.447489478880541,-0.00195417612720181,0.113096051619413,-0.258222312799953
"239","2002-12",-0.125078383156539,0.00330666666666667,-0.128385049823206,-0.0473365663049495,0.0179154858460365,0.213455435981245,0.0214971225192231,-0.0230954599199523,0.257183326941747
"240","2003-01",-0.0366640414246044,0.00311722222222222,-0.0397812636468267,0.0473169592299105,0.0340415116593924,-0.0971567642140124,-0.00427526973229086,0.0297074764673828,-0.0671741112158935
"241","2003-02",-0.0158708361966096,0.00287,-0.0187408361966096,0.008938125777571,0.0134890729900413,0.0417579877887914,-0.00819711041187315,-6.86782979215234e-06,0.114885894426885
"242","2003-03",-0.0218276669059505,0.0031,-0.0249276669059505,-0.037878586744654,0.0458682381868753,-0.0452870892885995,-0.0490369261303593,-0.00664161638148139,0.0565540565156401
"243","2003-04",0.149227888596838,0.00285,0.146377888596838,0.0477335021285013,0.130043981672173,-0.529140039625233,-0.056465845297969,0.0332219293677618,-0.124610373775612
"244","2003-05",-0.00179032307633181,0.00299666666666667,-0.00478698974299848,0.072987783034301,-0.0049173412636801,-0.0670265159694567,0.0623829812548487,-0.0189847266443046,-0.041970753502111
"245","2003-06",0.042085698633705,0.00263333333333333,0.0394523653003716,0.0456888535335646,-0.0267493001569467,-0.193747820535704,0.0334950960867861,0.0211397206985191,0.0155022378982304
"246","2003-07",0.0700762583625724,0.00241972222222222,0.0676565361403502,0.00282489481362767,0.0304960056953534,-0.0982806432889048,0.00828136271582956,0.0146632507050593,-0.0992730748092722
"247","2003-08",0.0361832622918523,0.00235083333333333,0.033832428958519,0.00449228921565309,0.00523059845734222,-0.0395829813093687,0.0253045369694841,0.0144976694784843,-0.056397095234521
"248","2003-09",-0.0320652540997491,0.002275,-0.034340254099749,0.110034948401658,0.00352545413797877,-0.168902757732128,0.0700889705315231,-0.0120440018770998,-0.0136052511235891
"249","2003-10",0.0891707902752248,0.00234222222222222,0.0868285680530026,0.0237113328222681,-0.0387450589472745,-0.0538536491267591,0.000748338846699476,0.0183734557372709,0.0519385459571659
"250","2003-11",0.00413512071419696,0.00228333333333333,0.00185178738086362,-0.00116159796780005,0.0327448247388414,0.0154897150531165,0.0628550450223131,0.0112901962828563,0.0390098000930616
"251","2003-12",0.0309896673671024,0.00234222222222222,0.0286474451448801,-0.0304731106957603,0.0021688902588542,0.0921595967000883,0.000872475738886828,0.0318757695761634,0.0768097604784656
"252","2004-01",0.0584226633881946,0.00235083333333333,0.0560718300548613,0.268533790624137,0.0173518099687457,-0.392597280850067,0.0581060374740366,-0.0155770987001331,-0.0885695964295037
"253","2004-02",0.0377091987053962,0.00207833333333333,0.0356308653720629,0.0502143691089002,-0.0218820647327273,-0.122676103417453,0.0201593622905835,-0.0454024254473791,-0.063542212765642
"254","2004-03",-0.0116172324477492,0.0020925,-0.0137097324477492,-0.0183329140311156,0.0157892855536752,-0.0807809400359173,-0.0304223793458958,0.0264335168049692,-0.0910460260435473
"255","2004-04",0.0129664276646828,0.00174583333333333,0.0112205943313494,-0.0179002316073302,0.0486023937132328,-0.129900795519544,-0.0223955196468215,0.0414988628150217,-0.0935551218268824
"256","2004-05",-0.0119444409084166,0.00173944444444444,-0.0136838853528611,-0.024814082592796,0.0330170947656979,-0.00523923604777595,-0.00501767257214065,0.00658664901135408,0.0349729112219005
"257","2004-06",0.0338570279893008,0.00165833333333333,0.0321986946559674,-0.00340675802965242,0.00676425008789663,0.0065031081518269,-0.0154793003556767,0.0207315475055613,0.000738625219337877
"258","2004-07",-0.0185436879138767,0.001705,-0.0202486879138767,-0.0398047340373256,0.0212889116344065,-0.00493140341883509,-0.0368452228840763,0.0172620815484803,-0.070292610386891
"259","2004-08",-0.0052068552593874,0.00171791666666667,-0.00692477192605406,-0.00859570400549403,0.042305941696903,-0.0018233952985294,-0.0233397353439854,0.0282207861114999,-0.00577870406805406
"260","2004-09",0.0326661744726251,0.00165833333333333,0.0310078411392918,0.0509631713741564,0.00787917084727895,-0.0136165057979829,0.0679470412356183,0.00965014798740695,0.0124015375723633
"261","2004-10",-9.81770591591132e-05,0.00171361111111111,-0.00181178817027022,-0.0145724891362716,0.00716885982480816,0.0390020806922766,0.0100692991108506,0.0316333358075542,-0.0134945408279101
"262","2004-11",0.0592536494803092,0.00166666666666667,0.0575869828136426,0.019480078508287,0.025799865044383,-0.00460207788910036,0.0641180627764819,0.0353016481511503,0.0599729175325931
"263","2004-12",0.00662183273524839,0.001705,0.00491683273524839,0.0167952996343584,0.00900153527956817,-0.00366201728673918,0.0526066771211153,0.0244949679388411,0.0231399995477953
"264","2005-01",0.00696846156631151,0.00171361111111111,0.0052548504552004,0.0123751425781008,-0.0222618660987668,0.0201920806598189,0.00413279230035636,-0.0167227283395915,-0.0067894218140471
"265","2005-02",0.0467001434425278,0.00154777777777778,0.04515236566475,-0.00218548062002602,0.0148075870442528,0.0519588999099778,0.00831960830463677,0.0100343446651536,0.0380170892503207
"266","2005-03",0.00347182821267544,0.00172222222222222,0.00174960599045322,0.0348501075798811,-0.027096571876799,0.0136210439872053,0.0328402435540639,-0.019085290256861,0.0423082661152699
"267","2005-04",-0.0104527070169086,0.00165416666666667,-0.0121068736835753,-0.00199581565442454,-0.0212754146899086,0.0334479028439545,-0.0333132681226837,-0.0525136232336496,0.0152146903034466
"268","2005-05",0.0556894291547959,0.00172222222222222,0.0539672069325737,-0.0219495580392024,-0.00505700684966834,0.0172071396439382,-0.0099451124450177,-0.0238232133605576,0.0422721976579702
"269","2005-06",0.0414395681284522,0.0016125,0.0398270681284522,0.0104852677877157,-0.0256867459492941,0.0667235129444479,0.0155108373903042,-0.016840706414975,0.0641127533273515
"270","2005-07",0.0500158100266746,0.00130027777777778,0.0487155322488968,-9.89740612229867e-05,0.0180198485924479,0.0203699718786352,-0.00780065511375781,0.00133279039837274,0.0307700064485564
"271","2005-08",-0.0113474059304935,0.00127444444444444,-0.0126218503749379,0.0275903556411801,-0.0449592822752392,0.0917983168071543,0.0488775174246354,-0.0551816473866126,0.0800652914523247
"272","2005-09",0.0566940037239808,0.00122083333333333,0.0554731703906475,0.0379798405611536,-0.0148802285220578,-0.0861007650387241,0.00460536474148369,-0.0208373488852149,-0.0619659944745658
"273","2005-10",-0.0197104275507541,0.00126152777777778,-0.0209719553285319,-0.00830402569760413,0.0189124407725665,-0.00642196086579118,-0.0152765106031394,0.0214212716887954,-0.0441251475994309
"274","2005-11",0.0400422763899037,0.001225,0.0388172763899037,-0.000729716345093695,0.00881756075397895,-0.0297110843609039,0.0122068997459954,0.00686459365068691,-0.0405319072266276
"275","2005-12",0.0593134569009497,0.00126583333333333,0.0580476235676164,0.018465167994111,0.000269225301242501,0.0205691709196215,0.0416016153031895,-0.0119393556677633,0.0409588047071339
"276","2006-01",0.0144003114392211,0.00139069444444444,0.0130096169947766,0.0527327360820523,0.033787372342002,-0.0370670470827362,0.018286787024378,0.00509222815901922,0.0453158620142717
"277","2006-02",0.0361341057255641,0.00141555555555556,0.0347185501700085,-0.0082472175161621,0.0343309840406496,-0.00714425311531262,0.00804987275991672,0.0166332345484072,0.0605031859803608
"278","2006-03",0.069060850147202,0.00168347222222222,0.0673773779249797,-0.00466698357108254,0.0257940113049982,0.0460729890984218,0.00180787149229972,0.0139101384155102,0.0077432691076051
"279","2006-04",0.00927469806062016,0.0016625,0.00761219806062016,-0.0312081038412567,-0.0133058079286913,0.142902180450211,-0.00371042168600632,-0.00136477720951666,0.155097199633303
"280","2006-05",-0.0794818142852687,0.00172222222222222,-0.0812040365074909,-0.0174950318730127,-0.00414279797720395,-0.017632802321153,-0.0120628130583053,0.00983266511111291,-0.0220003874323091
"281","2006-06",0.00920398002418638,0.0017375,0.00746648002418638,-0.0314835470641562,0.015569938434305,-0.0147128255207615,-0.0400720474402533,-0.0265507015804441,-0.0161547511322087
"282","2006-07",-0.0133008316322178,0.00187722222222222,-0.01517805385444,-0.0115747905012953,0.0109711267934471,-0.0129250120539228,-0.0170742542837566,0.0371849219944674,-0.00616896293164287
"283","2006-08",0.0440074626548954,0.00191166666666667,0.0420957959882288,-0.00448191029121954,0.0261889725992027,0.0204166576908102,-0.0272794656045944,0.009094059985568,-0.0167561525642172
"284","2006-09",0.0520678203190794,0.00205,0.0500178203190794,-0.00632674866502291,0.0177373326203732,-0.0273334660095652,5.12879572634878e-05,0.0160904573860502,-0.0431214725354474
"285","2006-10",0.0452817907929514,0.00214416666666667,0.0431376241262848,-0.0577416251230769,0.01382523394582,0.0684905101814382,-0.0173901616804985,0.0205007214394944,0.0852154208981253
"286","2006-11",-0.00936698626231392,0.00226666666666667,-0.0116336529289806,0.00294687930722526,-0.0208875640720373,0.00288219566424215,0.0426453558443268,-0.0150117181260724,0.0230712895524424
"287","2006-12",0.0831525506372326,0.00245416666666667,0.0806983839705659,-0.0175654800492634,0.0253749243327338,0.0320557236707388,0.0257538349255856,-0.00404347312287884,0.0336083554071204
"288","2007-01",0.0325689137056256,0.0025575,0.0300114137056256,0.0890665542375208,0.0813678955294019,-0.135687638125907,-0.0145173000347263,0.0033257247368175,-0.0516091620925643
"289","2007-02",-0.0218877296707886,0.00243055555555556,-0.0243182852263442,0.00817066438910055,0.0013178166806018,0.0287106506361302,-0.00920359502216811,0.00488756858177724,0.00493146417784296
"290","2007-03",0.0557339112326775,0.00277277777777778,0.0529611334548997,0.00301568351745228,-0.0115568469835406,0.0591604706507558,0.00334294781803616,-0.0220721173920342,0.0598532810111819
"291","2007-04",0.067486034313976,0.002675,0.064811034313976,-0.0184034985226559,-0.00597585815520622,0.0895459131874256,-0.0226304125478818,-0.0401201741466557,0.120795107920103
"292","2007-05",0.0195083618893647,0.00284597222222222,0.0166623896671425,-0.0400025298348284,-0.0133796944032393,0.131239225903623,-0.00437167103707888,-0.0245661268231166,0.112270140342993
"293","2007-06",-0.0222658489252317,0.00272916666666667,-0.0249950155918984,0.000370478643375777,0.00109562998430154,-0.0227903361713526,-0.0182743265258678,-0.0117127414322746,0.0477123067071277
"294","2007-07",-0.0149878476158463,0.00295791666666667,-0.017945764282513,-0.0107635482656185,0.0218654631427783,-0.0204620118785066,-0.0119989041623976,0.00218346352066493,0.0351996253308148
"295","2007-08",-0.0264360459808151,0.00297083333333333,-0.0294068793141484,-0.00917840713755703,-0.00598237569289205,0.0314503980115396,-0.0107378077625712,-0.00959120542496601,0.0496852128624752
"296","2007-09",-0.00398743469461144,0.0029125,-0.00689993469461144,0.0228221981061911,-0.0278605858401479,0.026190578320556,-0.00490553309157535,-0.0202671121985667,0.0356421124977782
"297","2007-10",-0.0192418439527527,0.00307416666666667,-0.0223160106194194,-0.0313568673810336,-0.0230868792780137,0.0237938653073516,-0.0224672283016665,-0.034163486679516,0.0734464348470004
"298","2007-11",-0.0648769726428927,0.0032625,-0.0681394726428927,-0.0393058664741426,-0.0163563611285825,0.0455333683105823,-0.0248312830484407,-0.0105682716273289,0.0813155807810609
"299","2007-12",-0.0199823167961324,0.00338416666666667,-0.0233664834627991,-0.0362449470103237,-0.0290309834024871,0.0334213437110554,0.00388400517477025,-0.0189776843127833,0.0613419345796487
"300","2008-01",-0.12272981070921,0.00347027777777778,-0.126200088486988,0.0857520189980382,0.019999514383495,-0.0583872481956635,0.0442134472293088,0.0108709068834511,-0.0642678156475801
"301","2008-02",0.0343379926227918,0.00324638888888889,0.0310916037339029,0.00576617032020479,0.0329324199601684,-0.00417916926436619,0.0431724294770336,0.0481817858684619,0.0272353024951681
"302","2008-03",-0.0164699809961759,0.00365111111111111,-0.020121092107287,-0.0115901012300261,0.00111123091178337,0.0181378228631511,0.000980218204675115,-0.00409451860384251,0.00558610637519028
"303","2008-04",0.0491161947472628,0.003425,0.0456911947472628,0.00365289483042231,-0.00738876204817201,0.0397584374550165,-0.0613296648514853,0.0187375391586456,-0.0964347531198474
"304","2008-05",0.0286266484765802,0.00347888888888889,0.0251477595876913,-0.0301340380815609,-0.0187612366252463,0.0145214001200368,-0.0150149276053976,-0.0136594885611853,-0.00883053375473509
"305","2008-06",-0.13981299321382,0.00335833333333333,-0.143171326547153,0.00671024269684939,-0.0137425808195129,0.120685251795426,0.00528137201037482,-0.0167783595088763,0.109945277359861
"306","2008-07",-0.00693837693375132,0.00354777777777778,-0.0104861547115291,0.0119711570394483,0.00431869918333514,-0.0896189063190662,-0.0191493475666599,-0.0117848956465645,-0.07969442166398
"307","2008-08",0.0125504606148432,0.00365111111111111,0.00889934950373213,-0.0354015926091201,-0.000673192390880687,-0.0214437441191378,0.000505368304890098,-0.00704007666376905,-0.0490961645833914
"308","2008-09",-0.123258963939789,0.0036,-0.126858963939789,-0.0182747577820912,-0.0200717445621244,0.0565305131506121,-0.0357324804882667,-0.0132368931455562,0.0807011687873424
"309","2008-10",-0.177694863872209,0.00383194444444445,-0.181526808316653,0.00257422383235084,-0.0506120617334997,0.121286400435628,-0.0146457681281723,-0.0876307579201617,0.237008463091399
"310","2008-11",-0.0212336051045729,0.00291666666666667,-0.0241502717712395,0.0244652593464397,-0.00621578654341921,-0.024127236234412,-0.0573782415215413,-0.039016457409306,-0.00133492516542508
"311","2008-12",0.0369055811089783,0.0027125,0.0341930811089783,-0.143945327289259,0.0715355395358732,0.0414796043107789,-0.113544539044169,-0.018983305877119,0.0848912642817197
"312","2009-01",-0.0565455815578066,0.00137777777777778,-0.0579233593355843,0.19193143232676,-0.0368927626238355,-0.0555053572139519,0.175545267774588,-0.0719924538319549,0.0406658341387971
"313","2009-02",0.0281847092491605,0.00108888888888889,0.0270958203602716,-0.00363734583232926,-0.00423009798713599,0.0212502018349989,-0.00882447598576606,-0.0125221071439657,0.00785069318543859
"314","2009-03",0.0144964065042993,0.000601055555555556,0.0138953509487437,-0.0224214843133277,0.0985014116113898,-0.246685010776679,-0.0160833448748701,0.0546990642402176,-0.193502500112066
"315","2009-04",0.217224489795918,0.000835,0.216389489795918,-0.0660742692451138,0.126190994730444,-0.303318723869537,0.041484681840611,0.165938524371973,-0.351698819648788
"316","2009-05",0.0285316063717186,0.000344444444444444,0.0281871619272742,0.034843560078266,0.0124801950146391,-0.0965754547476443,0.0626556057115744,0.00393903451379542,-0.00551046185328587
"317","2009-06",0.00985433948142814,0.000416666666666667,0.00943767281476147,-0.00660237391086436,-0.00972143084789627,0.0338509627140776,-0.0438340004351855,-0.00864659360137068,0.0248188215834281
"318","2009-07",0.103645561376027,0.000344444444444444,0.103301116931582,-0.0844939849066788,0.0405998069164638,-0.0470814043746196,-0.0829005522412392,0.0389699952363188,-0.0312306990343799
"319","2009-08",0.0339604307945891,0.000129166666666667,0.0338312641279225,-0.0188960700751264,0.0726767737555649,-0.0870186067822978,0.0235014692837941,0.10295600098283,-0.11881331457548
"320","2009-09",0.00617734971770168,0.000133333333333333,0.00604401638436835,0.0200897438639126,-0.0621942447015843,-0.0150479132274336,0.0674179051191427,-0.00738425113488164,-0.0428172259819197
"321","2009-10",0.0475848174554276,0.000155,0.0474298174554275,-0.053034948759857,-0.00748005516684352,0.0752042856211653,-0.0371429472926808,0.0134103658219845,0.0725416282842527
"322","2009-11",-7.23524826237482e-05,0.000141666666666667,-0.000214019149290415,-0.0159138096704556,-0.019533487270607,0.0618486655502707,0.0323259061841252,0.00334749451964164,0.0640792334877035
"323","2009-12",0.0191374493204209,0.000129166666666667,0.0190082826537542,-0.0279399207488149,-0.00781984023314837,-0.0282285764275973,-0.0199618381071908,-0.00807252274271921,0.0197228520076206
"324","2010-01",0.00806869036658382,0.000172222222222222,0.00789646814436159,0.0545971097332839,-0.0256508102461535,-0.0101122775801554,0.0740155678464958,-0.0093196293415712,-0.038449999961205
"325","2010-02",-0.00518233598167894,0.000178888888888889,-0.00536122487056783,-0.0101973822298361,-0.0231392156629025,-0.0105297925366499,-0.0106816795329076,-0.00882701395521094,0.00184385451714376
"326","2010-03",0.0877798788676039,0.000189444444444444,0.0875904344231594,-0.00502354634416979,0.0317169801340353,0.0679546650439642,0.0309769187405207,0.0280001394546378,0.0938063391890192
"327","2010-04",0.0422272330276462,0.000208333333333333,0.0420188996943129,-0.0347759749951422,0.00971027583635271,0.0041997712866684,-0.027034314273211,0.0278887762337496,-0.0261318012140714
"328","2010-05",-0.0688493746185163,0.000215277777777778,-0.0690646523962941,-0.026095166929226,-0.00352033336434814,0.014231264193812,-0.0250239379959553,-0.0383404888353357,-0.0199034492259379
"329","2010-06",0.014511973243279,0.000166666666666667,0.0143453065766123,-0.0259851147960088,-0.00846988643749071,-0.0192802917724356,-0.0638371206924142,-0.0405033830337387,0.027330334361216
"330","2010-07",0.0460457151874306,0.000249722222222222,0.0457959929652084,-0.0404491227189739,0.0237604516343401,0.03262300894004,-0.0297989978024225,0.0242814428609756,-0.0330024583289297
"331","2010-08",-0.0316997594487708,0.000301388888888889,-0.0320011483376597,-0.0204880281021464,-1.18118932918854e-05,0.00751138195509566,-0.0163620294096813,-0.0212620043173309,0.00237831210153564
"332","2010-09",0.084184930209057,0.000333333333333333,0.0838515968757236,-0.0745353270317229,-0.00985653322481859,0.0928231617863186,0.00823387646830748,0.0302667497270495,0.120921045809397
"333","2010-10",0.000442738219376915,0.000473611111111111,-3.08728917341963e-05,-0.0165465336005202,0.0423537690267984,0.00666765549795385,0.0137234916775698,0.0325860182462945,0.0163725089683342
"334","2010-11",0.0143438048931978,0.000875,0.0134688048931978,-0.0270287426091655,-0.00696631685684301,0.0407388392569068,-0.00724324253596171,-0.0191799807273545,0.0648667351296099
"335","2010-12",0.0586190070704848,0.000964444444444445,0.0576545626260404,-0.0571319031359415,0.0131305312249757,0.0460805297212423,0.0181322016119514,0.016122105955069,0.106773254383872
"336","2011-01",-0.0116985913609013,0.00111944444444444,-0.0128180358053458,0.0938023001883451,0.00807003814007251,0.0315505897924411,0.0429982909881967,0.0471566566976717,-0.0130553178812701
"337","2011-02",-0.0160820986288239,0.00120555555555556,-0.0172876541843795,-0.0134439981563216,0.0282897410485289,0.100296203150924,-0.0280419564209063,-0.0186659432739791,0.0960338724652182
"338","2011-03",0.0227115569071536,0.00155,0.0211615569071536,-0.0158347214007117,-0.00255363594792479,0.0212822537125849,0.0245871419082147,0.00891677636667006,0.0283805566670931
"339","2011-04",0.0401867018550225,0.00140833333333333,0.0387783685216892,-0.000371291204461662,0.0144527102379731,0.00460993135855874,-0.0305590621589392,-0.0203851211845349,-0.0388700893266769
"340","2011-05",-0.00535216288188545,0.00155,-0.00690216288188545,-0.0392835801584596,0.0172858779446453,-0.044299401874052,-0.053975203937558,0.0247286168615179,-0.010343085419056
"341","2011-06",-0.0349718654530954,0.00151666666666667,-0.0364885321197621,0.00405097232058894,0.000847442622120706,-0.0830893095092459,-0.0254742523161079,-0.00112477099312702,0.0196477508813488
"342","2011-07",-0.0469050939157725,0.00155,-0.0484550939157725,0.0125203334470561,0.00311781142906345,0.0215230214676188,-0.00739988347269336,0.0251254353938246,0.0101646586658162
"343","2011-08",-0.104764342305312,0.00156722222222222,-0.106331564527534,-0.00488913680090255,0.0165756050699562,0.0658125826105063,-0.016777150777149,-0.0390748091553657,0.0996409790618343
"344","2011-09",-0.0589388657281964,0.00166666666666667,-0.060605532394863,0.0202270074902188,0.00147066837805906,-0.00346483175098018,-0.0335461408821281,-0.00842023086864534,0.0157815905319355
"345","2011-10",0.0883193789802779,0.00150694444444444,0.0868124345358335,-0.0686219120385842,-0.0230044095997074,0.0451012763664422,-0.0316305057007315,-0.00446721603897252,-0.0110882010349572
"346","2011-11",-0.0141280776273495,0.00158333333333333,-0.0157114109606829,-0.0329846164265538,-0.00353953634938611,0.0872357856179067,-0.0458784197594163,-0.0129578684013347,0.0966732685761729
"347","2011-12",0.0111124024046233,0.00163611111111111,0.00947629129351222,-0.0311491146706053,0.0248749415003858,-0.0294475859283465,-0.00515341821180858,0.018162756890614,0.00918174871685724
"348","2012-01",0.0582616182598627,0.00146388888888889,0.0567977293709739,0.0272020885921648,0.0526156373082011,-0.0740757914475955,0.0426399950677327,0.0324783809209487,-0.183815302027128
"349","2012-02",0.0630064001674589,0.00145,0.0615564001674589,0.0314972097649141,0.0776280207331687,-0.0501886867072197,0.00314694495339164,0.0369340005866373,-0.0694782690104559
"350","2012-03",-0.010326974413848,0.00142083333333333,-0.0117478077471813,0.0296626454914016,-0.0196770544106849,-0.0191456260619678,0.0238767790569932,-0.0158225728328309,-0.048001569964742
"351","2012-04",-0.00154859781506935,0.00129166666666667,-0.00284026448173602,-0.017745300043523,0.011714497137713,-0.0198164834830493,-0.00964011273409156,-0.0016425292924139,-0.00926319155641979
"352","2012-05",-0.0659071468185706,0.00133472222222222,-0.0672418690407928,0.000968989299218737,0.00710191039324788,0.0642947182203027,-0.00367395424269586,-0.00206532300548017,0.124318644794139
"353","2012-06",0.0303768883664951,0.00125,0.0291268883664951,-0.0335390134410502,0.0222325818203919,-0.00698355679903246,-0.0733204110498961,0.0113012410859665,0.0083810484763398
"354","2012-07",0.0418790079519328,0.00111944444444444,0.0407595635074883,-0.0336232364024756,0.0174079622309589,-0.0353903979813918,-0.0341305012819663,0.0116263319108282,-0.0182715888067373
"355","2012-08",-0.0221601039387615,0.00124861111111111,-0.0234087150498726,0.0166719870948948,-0.00103680470400157,-0.0400417702852695,0.00781443003729301,0.00732236871192453,0.0221982128521061
"356","2012-09",0.0303199372664507,0.00125,0.0290699372664507,-0.0414290834896169,-0.00200917536261636,0.0440402404666499,-0.0122803192162777,0.0112438771873109,0.0459247265399573
"357","2012-10",-0.0140569610242191,0.00096875,-0.0150257110242191,-0.0119607733575053,0.020261513314273,-0.0419949013492774,-0.0314482571094237,-0.00620020275905905,0.131871974142904
"358","2012-11",0.0308532343332119,0.00104166666666667,0.0298115676665452,-0.0402336064099853,0.0258528968126941,-0.014671814601208,-0.0458672574241341,-0.00114815216290595,0.110928362638937
"359","2012-12",0.0205500770810982,0.00105916666666667,0.0194909104144315,0.0320812583151174,0.0264053358403152,-0.116611976202826,0.0360145734980346,0.00918451431754068,-0.0121745300428238
"360","2013-01",0.0550015966932302,0.000904166666666667,0.0540974300265635,0.161785314966658,0.0338299171596391,-0.205012276249186,0.0414929324529955,0.0838314244086612,0.0978435808632743
"361","2013-02",0.0356749311294767,0.000816666666666667,0.03485826446281,-0.000763441811408395,0.00788311711948275,0.0213887474482523,0.026978846848952,0.0311611316714062,0.127960430169111
"362","2013-03",0.00906674285226406,0.000886944444444445,0.00817979840781961,0.0142989753936379,-0.0180299263484791,0.00546999742752049,-0.00137879709844487,-0.0131763750177328,0.00445844236125993
"363","2013-04",0.0206147152194818,0.000841666666666667,0.0197730485528152,-0.0349199566860027,0.00723622986424733,0.00203743736094202,-0.0315719006790778,0.00309189844274645,0.0938323124993301
"364","2013-05",0.0213988489070995,0.000843888888888889,0.0205549600182106,-0.0280973718367186,0.0265901164826427,-0.0717640405927042,0.00348422021340386,0.021068304550406,-0.0552161654240856
"365","2013-06",-0.0503846081804162,0.000808333333333333,-0.0511929415137495,0.0493242100184247,-0.0449155726484061,-0.00474842334715099,0.0305507806037003,-0.0374088560931023,0.125632599363744
"366","2013-07",0.0717076530352267,0.000809444444444444,0.0708982085907823,0.0524317336966217,0.0668050541284703,-0.212458419767311,-0.010948315880956,-0.00230497021799268,0.0865441089212546
"367","2013-08",-0.0103865349280213,0.000792222222222222,-0.0111787571502435,0.0481060507924815,-0.0528477988930646,-0.0544434473976364,0.0860413743336824,-0.077310068896615,0.0761306139071911
"368","2013-09",0.0406648213184218,8e-04,0.0398648213184218,0.10891505683527,-0.0169295926851003,-0.295549162722177,0.0116395559749972,-0.0305993522350869,-0.0555190808561387
"369","2013-10",0.0172518556467658,0.000861111111111111,0.0163907445356547,0.0323773631749771,0.00786329339379314,-0.12956841181971,0.00965556401894114,0.0370928111734082,0.0358359063086514
"370","2013-11",0.0227290029397641,0.000833333333333333,0.0218956696064308,0.0120834362084815,0.000449261134959932,-0.00232108356386998,0.0187055023753461,0.0127266619113297,0.00446862830097167
"371","2013-12",0.0209341042382114,0.000851638888888889,0.0200824653493225,-0.00574865821246999,0.0109648786262876,-0.0160860763383982,0.00525765172258873,0.0110557933270567,0.0524964666881136
"372","2014-01",-0.0166573891926074,0.00067425,-0.0173316391926074,0.0794217164210309,0.0298823351764502,-0.0145349540915492,0.0443646007036063,0.0317975269780505,-0.0452401973647943
"373","2014-02",0.0606245107419326,0.000599666666666667,0.0600248440752659,-0.0169106785196143,0.0377136322526403,-0.018966494108989,0.00583958236790289,0.031697393067042,-0.00153749690853162
"374","2014-03",0.00638986655624782,0.000663916666666667,0.00572594988958116,-0.0319808650014142,0.0330481424119459,-0.0356163701685381,-0.0279011583545659,0.0446515614637805,-0.0375356812951745
"375","2014-04",0.0189517050122431,0.000624166666666667,0.0183275383455764,-0.043663407497731,0.00288864344547791,-0.0226218578864477,-0.0272654979917753,-0.00918435162772473,-0.0552567602470464
"376","2014-05",0.0374789911559649,0.000641527777777778,0.0368374633781871,0.0208970050121966,0.0199360551110204,-0.0745593195066322,0.0116697109009409,0.00964720465136804,0.0710903298482194
"377","2014-06",-0.0135108837674794,0.0006225,-0.0141333837674794,-0.00553375091486767,-0.0167084217964575,0.0429087485461351,0.0125805353332983,-0.0250851797415374,0.00120057583798659
"378","2014-07",-0.00740005379994099,0.000600194444444444,-0.00800024824438543,0.0585155798547859,0.0231127379586986,-0.145410775356055,-0.00197003010468902,0.00326215272406379,-0.0944698966715582
"379","2014-08",0.00643185575298773,0.000213555555555556,0.00621830019743218,-0.00410986981693258,-0.00562550619914603,0.0405432388961274,-0.025357371660077,-0.0258765433856365,0.0455283225626661
"380","2014-09",-0.00163615544502525,2e-04,-0.00183615544502525,0.00359695616312829,0.00391379977003815,0.0374582051819055,-0.0323917831898928,0.000157268285233887,0.0619439987020364
"381","2014-10",0.0155342723680037,0.000214416666666667,0.015319855701337,-0.044787553603078,-0.0308116549682085,0.0818382200750861,-0.0313364393569233,-0.0226055959342192,0.112036971531032
"382","2014-11",0.0336159535396662,2e-05,0.0335959535396662,-0.0309206290599476,0.00411266669192632,0.0222000670077993,-0.0209771322702507,-1.37500746397942e-05,0.013899403135669
"383","2014-12",0.0105949520113156,4.13333333333333e-05,0.0105536186779823,-0.0483031051548276,0.00121719132598584,0.067897412048009,-0.0157203978095481,0.0149688850633316,0.0280527445175401
"384","2015-01",0.0710176950970719,9.73055555555556e-05,0.0709203895415163,-0.0106364671560401,-0.0306954762075874,-0.0272978307820833,-0.0301001998478971,-0.0178974956818001,0.0550219412761401
"385","2015-02",0.0807118770143491,7.46666666666667e-05,0.0806372103476824,-0.023928497238661,0.0196670699384943,0.0245508132746578,0.0326146939183292,0.00569310904935305,-9.48820211125884e-05
"386","2015-03",0.000233266526358026,0,0.000233266526358026,0.0393125511963311,0.0248645644072925,-0.0620148361330873,-0.00939104530578572,-0.00619571763344371,0.0314372498885506
"387","2015-04",0.00231015957775004,0,0.00231015957775004,-0.00479860740000992,-0.0208541554615601,-0.00562943631326272,0.0390186693182274,0.0605247552031996,-0.135525035010683
"388","2015-05",0.0121992445900545,0,0.0121992445900545,0.0354791891414402,-0.0176262084850233,-0.000757012106222324,0.0141176705236444,-0.0386071570718769,0.0966789316449058
"389","2015-06",-0.0637194468267581,0,-0.0637194468267581,0.0414227485497476,-0.0250355288910314,0.0166143910253103,0.00736215261389091,0.00352571455749347,0.0242120136398028
"390","2015-07",0.0500497084103547,0,0.0500497084103547,0.00921232973467872,-0.040513564177947,0.0706728585479783,0.0124210102049971,-0.0375432521746447,0.0611495724096446
"391","2015-08",-0.059254086732784,0,-0.059254086732784,0.0265994303643853,-0.00915953332595227,0.0405842489766234,0.0150132613563834,-0.0225221164220742,0.0935194592593151
"392","2015-09",-0.0442745164910732,0,-0.0442745164910732,0.0102855747469985,-0.0525910579882006,0.131024775987523,0.027974087268312,-0.031796541052969,0.0927698760342313
"393","2015-10",0.0692755137501486,0,0.0692755137501486,-0.022781433328253,0.00273108097569549,0.0114734560306059,0.0161044540468738,-0.0109679375317623,0.0282438762610695
"394","2015-11",0.0362571339141891,0,0.0362571339141891,0.0630551109749336,-0.00663189721182472,-0.0373015092112577,0.0445867232042323,-0.0270703472939295,-0.0527851456083484
"395","2015-12",-0.0403181332143368,0,-0.0403181332143368,0.0573464476716222,-0.0161477108044931,-0.000170240543043508,0.0757262271064151,-0.0140431624607723,0.0645610594586853
"396","2016-01",-0.071356426815988,0,-0.071356426815988,0.0342626332756185,0.0138926305363183,-0.0795601801217777,-0.00172080038014626,0.0235859505559831,-0.020556822495501
"397","2016-02",0.0203296677342251,0,0.0203296677342251,-0.0298383192490737,0.0348961660606721,-0.120119140419326,-0.0196997854632533,0.030040043684369,-0.0699657910670458
"398","2016-03",0.0192776215933436,0,0.0192776215933436,0.00290624090355681,0.0162753568742912,-0.0445007513363286,0.0363905163996788,0.0396647623669136,-0.116245254923159
"399","2016-04",0.00913629844787386,0,0.00913629844787386,0.00576917913210321,0.0198781171073528,-0.0479441104409783,0.00372225369029472,0.0109930856108114,-0.148298034079768
"400","2016-05",0.0249485489625963,0,0.0249485489625963,-0.0240013713846802,-0.014461513979092,0.0510781043531573,0.0245457143336882,-0.0351281903566557,0.0731251730564318
"401","2016-06",-0.035676449503283,0,-0.035676449503283,0.0196750442276622,0.0435012806372171,-0.0804157373033975,-0.000776533964076412,0.0107190466017181,-0.0344861715443117
"402","2016-07",0.055325461301663,0,0.055325461301663,0.012946937756723,0.00912010194252325,0.035360031994744,0.01682090303872,-0.0213795350922012,0.0950431947955794
"403","2016-08",0.0246704085628508,0,0.0246704085628508,0.0386963806498046,-0.00702500206899319,-0.0071180667186598,0.0522506943079464,0.0246932501845184,0.0135406050938547
"404","2016-09",0.0178354477022688,0,0.0178354477022688,0.0246398154490879,-0.015341052038968,-0.0115664360345524,0.0117254407909615,0.00784097410010167,0.0286238071502239
"405","2016-10",-0.00946533428631428,0,-0.00946533428631428,0.0180377837781204,0.000784955488358094,0.0219288316462666,0.00774667776238138,0.00584466848421276,0.0377184145236095
"406","2016-11",0.014410425629673,0,0.014410425629673,0.0193534284865658,0.017427728669793,-0.0687562224906378,0.00162899119198806,-0.00672318272758012,-0.0416030800951835
"407","2016-12",0.029204068187433,0,0.029204068187433,-0.015475731426103,0.0158353101568667,-0.0119827217284913,0.00911843855139898,0.0347082336648023,-0.034612741431395
"408","2017-01",0.0124923735509747,0,0.0124923735509747,0.0359136057361634,-0.00995169339973955,0.0526804041677123,0.0169551817450282,-0.00308950623135882,0.097643521125787
"409","2017-02",0.0294379136619579,0,0.0294379136619579,-0.0157555604589056,0.00675499757292644,0.0271028923986411,0.00484708433733653,-0.00405264128026749,0.0249576426923637
"410","2017-03",0.0213990979752425,0,0.0213990979752425,-0.0221863938590551,0.00230539736040224,0.039318483971068,-0.0294266495294172,-0.0140343450293374,0.0761670758857337
"411","2017-04",0.0435926343479893,0,0.0435926343479893,-0.0424166694512538,0.00645246712927175,0.0578927197047316,0.00159472363368196,0.0145202920542888,0.0644208621310332
"412","2017-05",0.0172848397551315,0,0.0172848397551315,-0.0491781510526851,0.0228362149704418,0.0493457835589511,-0.0177721168111531,-0.0146986996451182,0.0924264756981631
"413","2017-06",-0.0196460176991151,0,-0.0196460176991151,0.0249593942521213,0.0107245740175007,0.0501693706637753,0.0217347933064554,0.0046784326090255,0.0168461546897978
"414","2017-07",-0.0302401155443221,0,-0.0302401155443221,0.0185785088084008,0.0333001949858594,-0.0251849219254776,0.023776565892141,0.0186006655910154,-0.0176771754881986
"415","2017-08",-0.00856371590803318,0,-0.00856371590803318,0.00200700008737721,-0.00559377521376666,0.01220014682595,0.00147660549844429,-0.0173430177826606,0.0348173132202294
"416","2017-09",0.0560510750164304,0,0.0560510750164304,0.0148865115770392,0.000973147022100627,-0.0236702995740876,-0.0192500303121512,-0.0210724432881518,-0.0012663103971591
"417","2017-10",0.0211682076813655,0,0.0211682076813655,-0.00438972442151821,-0.0198754334170613,0.113998604340002,-0.0368977451813291,-0.0372416572599054,0.0301207218441705
"418","2017-11",-0.0349361402042468,0,-0.0349361402042468,-0.00709116704306924,-0.00971548296922404,0.0368076954455661,-0.00368619567685875,0.00467168563390792,0.0187893459066367
"419","2017-12",-0.0125856802365758,0,-0.0125856802365758,-0.0466469222792046,0.00917228273616119,0.0283800132595644,0.00506336448093923,0.00215362935146976,0.0500410031046877
"420","2018-01",0.0156752070064714,0,0.0156752070064714,0.0416452964885017,-0.0255986245000963,0.0135839196468999,0.0247224375229042,-0.00147213052310498,0.132200702843732
"421","2018-02",-0.00727632213354841,0,-0.00727632213354841,-0.0177482326323431,0.0199992695441936,-0.0308717719150684,-0.0297317173357758,0.00520098469692407,-0.0139400485588983
"422","2018-03",-0.0129222661492082,0,-0.0129222661492082,-0.0198560782510753,0.0206946774642139,-0.0362302043520862,-0.0259053027017511,-0.0115702429818798,0.0203614795488801
"423","2018-04",0.0439367762806402,0,0.0439367762806402,-0.0375334960076357,-0.018975551149387,0.0804856530942796,0.0229457177016297,-0.0306697660860064,0.0570149876688495
"424","2018-05",-0.00106753429475901,0,-0.00106753429475901,-0.0111221176975926,-0.0427596183551062,0.09661780145527,0.0296419262718013,-0.0386627541057607,0.155274994494711
"425","2018-06",0.00304493189176612,0,0.00304493189176612,-0.00238588917768806,0.00808238144198336,0.0210182979264583,-0.0011977123079816,0.0106364579045893,-0.0100454263902346
"426","2018-07",0.0412279662467255,0,0.0412279662467255,-0.0076209583321102,0.0418384367019047,-0.00742516336948688,-0.00330264861811376,0.00388528871872137,0.00294374284282527
"427","2018-08",0.0257673913666469,0,0.0257673913666469,0.0408610085244907,0.033136478757302,-0.151019824641604,0.00811079277506187,0.0146865861312061,-0.151777342934436
"428","2018-09",0.000909619036428288,0,0.000909619036428288,0.0263966154749011,-0.00205791898847392,-0.00225754831760569,0.0133062967544757,0.00271266822792381,-0.0456157389369238
"429","2018-10",-0.0714859206961662,0,-0.0714859206961662,-0.0136151993607752,-0.00696845155555371,-0.013347196253332,-0.0121711496723957,0.0107685988824222,0.0243187291506435
"430","2018-11",-0.0155858899421143,0,-0.0155858899421143,-0.0441883085806801,0.0108745506029331,-0.00832995127166277,-0.0338292301646603,0.000253646971106483,-0.0103985996060403
"431","2018-12",-0.060285882368791,0,-0.060285882368791,-0.00897334838341675,0.0140401206866569,0.017035483042738,0.00144540920828402,0.0183642067180577,0.0602423575135217
"432","2019-01",0.0767543461410168,0,0.0767543461410168,0.00284516345250327,0.0267831887960971,-0.0682835578967043,0.00441678339999145,0.013854831782995,-0.0941414991203898
"433","2019-02",0.0397522055710253,0,0.0397522055710253,-0.0376559095245075,-0.00610956924034859,-0.0176367519158587,-0.0231639158112458,-0.0243066836502992,-0.00461095796043113
"434","2019-03",0.0107925553393782,0,0.0107925553393782,0.0123988516088582,0.00957519986747886,-0.0209491939179952,0.0127511008228477,-0.0254260502301311,0.0122396767106017
"435","2019-04",0.0720208107229276,0,0.0720208107229276,-0.0342699354476661,0.00336708005929238,-0.0324723630020856,-0.0123843662042889,0.0209892036088964,0.00964254959381994
"436","2019-06",0.0679195359810117,0,0.0679195359810117,-0.0168486621503666,-0.0129377216953828,0.00066928684804958,-0.0301241307462389,-0.0112311398003945,0.0359554683176836
"437","2019-07",0.00236438078174262,0,0.00236438078174262,0.0311168322090654,0.0130050474360228,-0.000510994753313655,0.00189888411840073,0.010582263199642,-0.00903197713078326
"438","2019-08",-0.0116533593789512,0,-0.0116533593789512,-0.0332446488811401,0.0282599827888096,-0.0194299184829308,-0.054994275214731,0.000237971913456165,0.0286707581024958
"439","2019-09",0.0291878710347999,0,0.0291878710347999,-0.00467040379252108,0.00745915219555376,-0.0225307108601708,-0.00558723956665802,0.01078537609899,-0.0600715635879957
"440","2019-10",0.0397698625965347,0,0.0397698625965347,-0.0204727487807428,0.00568014427897095,-0.0326186491002771,-0.0308178178479075,-0.016970891625346,-0.0155968517523165
"441","2019-11",0.0196940580862267,0,0.0196940580862267,-0.0204058327920198,0.00441143907223928,-0.0112744561083313,0.0195584998696454,0.00354183861263477,0.0039087010690249
"442","2019-12",0.0346912293016546,0,0.0346912293016546,-0.0242999783538406,0.0108402398374467,0.0193816093313899,-0.000135701892130753,0.0156286662403527,0.0163822903266452
